Fecha,Estado,Caja,Modulo,Flujo,Mensaje
06/26/2025 00:49:38.197,ERR,STUDIOF_PRD\Pos607c1,Cegid.Framework.CwasAdapters,CallingFlow,"Method 'Cegid.Cbp.DBCommandService.ExecuteSQL' - Exception - Cegid.Framework.CbpException: Error when calling the method 'ExecuteSQL' of the adapter 'Cegid.Erp.Services.DBCommandCwasAdapter'. 	Exception code              : CBP50101 	Action / method             : CwasAdapter.CreateDelegate 	What to do                  : <Empty> 	RequestTobAsXml             : <?xml version=""1.0"" encoding=""utf-8""?><Document><Data formatVersion=""ForwardRead"" serializeVersion=""3.1""><Tob Name=""In""><Fields><Field Name=""SQL"" Type=""String"" Value=""/* StandardForm:TFTicketFO */  execute zpr_CreditoConsultaCupo &quot;D87743E7-3760-4336-A118-DD76950AECDC&quot;,&quot;43545813&quot;,&quot;CC&quot;,&quot;607&quot; "" /><Field Name=""VERSIONDEMO"" Type=""String"" Value=""-"" /><Field Name=""TYPESERIALISATION"" Type=""Integer"" Value=""0"" /><Field Name=""EXTENDVALUE2"" Type=""String"" Value=""2af055625c3d7095867f8910746f1b78a3dba5b5c84bed0b1a76e7cbd50732c5886d9e9c5ed215d637452efe1ab54e7aef0df6fc29ff09a8c431342153b716ef"" /><Field Name=""EXTENDVALUE"" Type=""Base64Binary"" Value=""t71UAJB3Q02L6ub6guafyMBDcc02cf5PZVhATYHF0xJx3ixrbP5dx7B2UPfCbVKMNorYUH6tmrNJlRTaf6VoFg=="" /><Field Name=""EXTENDPARAMETER"" Type=""String"" Value=""FOS5_SC_24.0"" /></Fields></Tob></Data></Document> 	Call stack                  : 	   at Cegid.Framework.Legacy.CwasAdapterModel.CwasAdapter.CwasAdapterMethodInfo.<>c__DisplayClass27_0.<CreateDelegate>b__0(ICwasAdapterContext cwasAdapterContext) 	   at Cegid.Framework.Legacy.CwasAdapterModel.CwasAdapter.SyncCwasAdapterMethodInfo.<>c__DisplayClass4_0.<CreateAction>b__0(ICwasAdapterContext`2 cwasAdapterContext) 	   at Cegid.Framework.Legacy.CwasAdapterModel.CwasAdapter.<>c__DisplayClass31_0.<CreateInvoker>b__0(ICwasAdapterContext`2 cwasAdapterContext) 	   at Cegid.Framework.Legacy.CwasAdapterModel.CwasAdapter.Invoke(ICwasAdapterContext`2 context) 	   at Cegid.Framework.Legacy.CwasAdapterModel.CwasAdapterService.Invoke(ICwasAdapterContext`2 context) 	   at Cegid.Framework.Legacy.Dispatch.LegacyDispatcher.<>c__DisplayClass5_1.<Invoke>b__2() 	   at Cegid.Framework.ExceptionHelper.TryHandle(Action action, Func`2 isHandled) 	   at Cegid.Framework.Diagnostics.ILogSourceExtensions.LogFlow[T](ILogSource logSource, Func`1 flowName, Func`1 flowInputs, Action`1 flow, Func`1 flowOutputs) 	Inner exception             : 	   Cegid.Retail.Services.Resources.Tec006Exception: Non-authorized DLL statement (SqlStatement: ProcedureCallStatement zpr_CreditoConsultaCupo). 	   Exception code                                 : CBR_006_0071 	   Action / method                                :  	   What to do                                     : Check SQL statement 	   Call stack                                     : 	      at Cegid.Retail.Services.LegacySql.LegacySqlChecker.Visit(IProcedureCallStatement expression) 	      at Cegid.Erp.Data.Sql.Expressions.DefaultSqlRebuilder.VisitSqlExpression(ISqlExpression expression) 	      at Cegid.Erp.Data.Sql.Expressions.DefaultSqlRebuilder.Visit(ISimpleSqlStatement expression) 	      at Cegid.Erp.Services.DBCommandCwasAdapter.ExecuteSQL(ICwasAdapterContext`2 context)"
06/26/2025 00:49:38.212,ERR,STUDIOF_PRD\Pos607c1,Cegid.Framework.ServiceModel,ApplicationFlow,"Function 'LegacyDispatcherService.svc - Invoke' - Exception - Cegid.Framework.CbpException: Error when calling the method 'ExecuteSQL' of the adapter 'Cegid.Erp.Services.DBCommandCwasAdapter'. 	Exception code              : CBP50101 	Action / method             : CwasAdapter.CreateDelegate 	What to do                  : <Empty> 	RequestTobAsXml             : <?xml version=""1.0"" encoding=""utf-8""?><Document><Data formatVersion=""ForwardRead"" serializeVersion=""3.1""><Tob Name=""In""><Fields><Field Name=""SQL"" Type=""String"" Value=""/* StandardForm:TFTicketFO */  execute zpr_CreditoConsultaCupo &quot;D87743E7-3760-4336-A118-DD76950AECDC&quot;,&quot;43545813&quot;,&quot;CC&quot;,&quot;607&quot; "" /><Field Name=""VERSIONDEMO"" Type=""String"" Value=""-"" /><Field Name=""TYPESERIALISATION"" Type=""Integer"" Value=""0"" /><Field Name=""EXTENDVALUE2"" Type=""String"" Value=""2af055625c3d7095867f8910746f1b78a3dba5b5c84bed0b1a76e7cbd50732c5886d9e9c5ed215d637452efe1ab54e7aef0df6fc29ff09a8c431342153b716ef"" /><Field Name=""EXTENDVALUE"" Type=""Base64Binary"" Value=""t71UAJB3Q02L6ub6guafyMBDcc02cf5PZVhATYHF0xJx3ixrbP5dx7B2UPfCbVKMNorYUH6tmrNJlRTaf6VoFg=="" /><Field Name=""EXTENDPARAMETER"" Type=""String"" Value=""FOS5_SC_24.0"" /></Fields></Tob></Data></Document> 	TrackingId                  : a6016abc-3336-428c-9b30-6bf3286bc2ff 	Call stack                  : 	   at Cegid.Framework.Legacy.CwasAdapterModel.CwasAdapter.CwasAdapterMethodInfo.<>c__DisplayClass27_0.<CreateDelegate>b__0(ICwasAdapterContext cwasAdapterContext) 	   at Cegid.Framework.Legacy.CwasAdapterModel.CwasAdapter.SyncCwasAdapterMethodInfo.<>c__DisplayClass4_0.<CreateAction>b__0(ICwasAdapterContext`2 cwasAdapterContext) 	   at Cegid.Framework.Legacy.CwasAdapterModel.CwasAdapter.<>c__DisplayClass31_0.<CreateInvoker>b__0(ICwasAdapterContext`2 cwasAdapterContext) 	   at Cegid.Framework.Legacy.CwasAdapterModel.CwasAdapter.Invoke(ICwasAdapterContext`2 context) 	   at Cegid.Framework.Legacy.CwasAdapterModel.CwasAdapterService.Invoke(ICwasAdapterContext`2 context) 	   at Cegid.Framework.Legacy.Dispatch.LegacyDispatcher.<>c__DisplayClass5_1.<Invoke>b__2() 	   at Cegid.Framework.ExceptionHelper.TryHandle(Action action, Func`2 isHandled) 	   at Cegid.Framework.Diagnostics.ILogSourceExtensions.LogFlow[T](ILogSource logSource, Func`1 flowName, Func`1 flowInputs, Action`1 flow, Func`1 flowOutputs) 	   at Cegid.Framework.Legacy.Dispatch.LegacyDispatcher.Invoke(String action, String parameter, IDataTob request) 	   at Cegid.Erp.Services.LegacyHost.LegacyDispatcherServiceBase.Invoke(IHub hub, String action, String parameter, IDataTob request) 	   at SyncInvokeInvoke(Object , Object[] , Object[] ) 	   at System.ServiceModel.Dispatcher.SyncMethodInvoker.Invoke(Object instance, Object[] inputs, Object[]& outputs) 	   at Cegid.Framework.ServiceModel.Dispatcher.LogOperationInvoker`1.<>c__DisplayClass6_0.<Invoke>b__1(T functionalCategory) 	   at Cegid.Framework.Diagnostics.ILogSourceExtensions.LogFlow[T](ILogSource logSource, Func`1 flowName, Func`1 flowInputs, Action`1 flow, Func`1 flowOutputs) 	Inner exception             : 	   Cegid.Retail.Services.Resources.Tec006Exception: Non-authorized DLL statement (SqlStatement: ProcedureCallStatement zpr_CreditoConsultaCupo). 	   Exception code                                 : CBR_006_0071 	   Action / method                                :  	   What to do                                     : Check SQL statement 	   Call stack                                     : 	      at Cegid.Retail.Services.LegacySql.LegacySqlChecker.Visit(IProcedureCallStatement expression) 	      at Cegid.Erp.Data.Sql.Expressions.DefaultSqlRebuilder.VisitSqlExpression(ISqlExpression expression) 	      at Cegid.Erp.Data.Sql.Expressions.DefaultSqlRebuilder.Visit(ISimpleSqlStatement expression) 	      at Cegid.Erp.Services.DBCommandCwasAdapter.ExecuteSQL(ICwasAdapterContext`2 context)"
06/26/2025 00:49:39.752,ERR,STUDIOF_PRD\POS036C1,Cegid.Framework.CwasAdapters,CallingFlow,"Method 'Cegid.Cbp.DBCommandService.ExecuteSQL' - Exception - Cegid.Framework.CbpException: Error when calling the method 'ExecuteSQL' of the adapter 'Cegid.Erp.Services.DBCommandCwasAdapter'. 	Exception code              : CBP50101 	Action / method             : CwasAdapter.CreateDelegate 	What to do                  : <Empty> 	RequestTobAsXml             : <?xml version=""1.0"" encoding=""utf-8""?><Document><Data formatVersion=""ForwardRead"" serializeVersion=""3.1""><Tob Name=""In""><Fields><Field Name=""SQL"" Type=""String"" Value=""/* StandardForm:TFTicketFO */  execute zpr_CreditoConsultaCupo &quot;698E1E81-8140-4489-BE40-712B1D1D2E12&quot;,&quot;1099212776&quot;,&quot;CC&quot;,&quot;036&quot; "" /><Field Name=""VERSIONDEMO"" Type=""String"" Value=""-"" /><Field Name=""TYPESERIALISATION"" Type=""Integer"" Value=""0"" /><Field Name=""EXTENDVALUE2"" Type=""String"" Value=""f302a1738077179d293e96fe36c4353bb3ab4ae85ec22c17b5634ef2f96add083f54b944cf2f4cc73c7f6c591de93fc6dc504a6ac364e6faaae100a4a73f51bf"" /><Field Name=""EXTENDVALUE"" Type=""Base64Binary"" Value=""NOkKMvI7cmlK7Ni6Oyv+ATInSw7/JRUzySRHduWcp4Yq23smsWYm1kKSyG8E4TlDhy39PzPI8P3CiLNgjIzmJA=="" /><Field Name=""EXTENDPARAMETER"" Type=""String"" Value=""FOS5_SC_24.0"" /></Fields></Tob></Data></Document> 	Call stack                  : 	   at Cegid.Framework.Legacy.CwasAdapterModel.CwasAdapter.CwasAdapterMethodInfo.<>c__DisplayClass27_0.<CreateDelegate>b__0(ICwasAdapterContext cwasAdapterContext) 	   at Cegid.Framework.Legacy.CwasAdapterModel.CwasAdapter.SyncCwasAdapterMethodInfo.<>c__DisplayClass4_0.<CreateAction>b__0(ICwasAdapterContext`2 cwasAdapterContext) 	   at Cegid.Framework.Legacy.CwasAdapterModel.CwasAdapter.<>c__DisplayClass31_0.<CreateInvoker>b__0(ICwasAdapterContext`2 cwasAdapterContext) 	   at Cegid.Framework.Legacy.CwasAdapterModel.CwasAdapter.Invoke(ICwasAdapterContext`2 context) 	   at Cegid.Framework.Legacy.CwasAdapterModel.CwasAdapterService.Invoke(ICwasAdapterContext`2 context) 	   at Cegid.Framework.Legacy.Dispatch.LegacyDispatcher.<>c__DisplayClass5_1.<Invoke>b__2() 	   at Cegid.Framework.ExceptionHelper.TryHandle(Action action, Func`2 isHandled) 	   at Cegid.Framework.Diagnostics.ILogSourceExtensions.LogFlow[T](ILogSource logSource, Func`1 flowName, Func`1 flowInputs, Action`1 flow, Func`1 flowOutputs) 	Inner exception             : 	   Cegid.Retail.Services.Resources.Tec006Exception: Non-authorized DLL statement (SqlStatement: ProcedureCallStatement zpr_CreditoConsultaCupo). 	   Exception code                                 : CBR_006_0071 	   Action / method                                :  	   What to do                                     : Check SQL statement 	   Call stack                                     : 	      at Cegid.Retail.Services.LegacySql.LegacySqlChecker.Visit(IProcedureCallStatement expression) 	      at Cegid.Erp.Data.Sql.Expressions.DefaultSqlRebuilder.VisitSqlExpression(ISqlExpression expression) 	      at Cegid.Erp.Data.Sql.Expressions.DefaultSqlRebuilder.Visit(ISimpleSqlStatement expression) 	      at Cegid.Erp.Services.DBCommandCwasAdapter.ExecuteSQL(ICwasAdapterContext`2 context)"
06/26/2025 00:49:39.752,ERR,STUDIOF_PRD\POS036C1,Cegid.Framework.ServiceModel,ApplicationFlow,"Function 'LegacyDispatcherService.svc - Invoke' - Exception - Cegid.Framework.CbpException: Error when calling the method 'ExecuteSQL' of the adapter 'Cegid.Erp.Services.DBCommandCwasAdapter'. 	Exception code              : CBP50101 	Action / method             : CwasAdapter.CreateDelegate 	What to do                  : <Empty> 	RequestTobAsXml             : <?xml version=""1.0"" encoding=""utf-8""?><Document><Data formatVersion=""ForwardRead"" serializeVersion=""3.1""><Tob Name=""In""><Fields><Field Name=""SQL"" Type=""String"" Value=""/* StandardForm:TFTicketFO */  execute zpr_CreditoConsultaCupo &quot;698E1E81-8140-4489-BE40-712B1D1D2E12&quot;,&quot;1099212776&quot;,&quot;CC&quot;,&quot;036&quot; "" /><Field Name=""VERSIONDEMO"" Type=""String"" Value=""-"" /><Field Name=""TYPESERIALISATION"" Type=""Integer"" Value=""0"" /><Field Name=""EXTENDVALUE2"" Type=""String"" Value=""f302a1738077179d293e96fe36c4353bb3ab4ae85ec22c17b5634ef2f96add083f54b944cf2f4cc73c7f6c591de93fc6dc504a6ac364e6faaae100a4a73f51bf"" /><Field Name=""EXTENDVALUE"" Type=""Base64Binary"" Value=""NOkKMvI7cmlK7Ni6Oyv+ATInSw7/JRUzySRHduWcp4Yq23smsWYm1kKSyG8E4TlDhy39PzPI8P3CiLNgjIzmJA=="" /><Field Name=""EXTENDPARAMETER"" Type=""String"" Value=""FOS5_SC_24.0"" /></Fields></Tob></Data></Document> 	TrackingId                  : fe9de5b5-7f64-4443-b449-46526f51a7cb 	Call stack                  : 	   at Cegid.Framework.Legacy.CwasAdapterModel.CwasAdapter.CwasAdapterMethodInfo.<>c__DisplayClass27_0.<CreateDelegate>b__0(ICwasAdapterContext cwasAdapterContext) 	   at Cegid.Framework.Legacy.CwasAdapterModel.CwasAdapter.SyncCwasAdapterMethodInfo.<>c__DisplayClass4_0.<CreateAction>b__0(ICwasAdapterContext`2 cwasAdapterContext) 	   at Cegid.Framework.Legacy.CwasAdapterModel.CwasAdapter.<>c__DisplayClass31_0.<CreateInvoker>b__0(ICwasAdapterContext`2 cwasAdapterContext) 	   at Cegid.Framework.Legacy.CwasAdapterModel.CwasAdapter.Invoke(ICwasAdapterContext`2 context) 	   at Cegid.Framework.Legacy.CwasAdapterModel.CwasAdapterService.Invoke(ICwasAdapterContext`2 context) 	   at Cegid.Framework.Legacy.Dispatch.LegacyDispatcher.<>c__DisplayClass5_1.<Invoke>b__2() 	   at Cegid.Framework.ExceptionHelper.TryHandle(Action action, Func`2 isHandled) 	   at Cegid.Framework.Diagnostics.ILogSourceExtensions.LogFlow[T](ILogSource logSource, Func`1 flowName, Func`1 flowInputs, Action`1 flow, Func`1 flowOutputs) 	   at Cegid.Framework.Legacy.Dispatch.LegacyDispatcher.Invoke(String action, String parameter, IDataTob request) 	   at Cegid.Erp.Services.LegacyHost.LegacyDispatcherServiceBase.Invoke(IHub hub, String action, String parameter, IDataTob request) 	   at SyncInvokeInvoke(Object , Object[] , Object[] ) 	   at System.ServiceModel.Dispatcher.SyncMethodInvoker.Invoke(Object instance, Object[] inputs, Object[]& outputs) 	   at Cegid.Framework.ServiceModel.Dispatcher.LogOperationInvoker`1.<>c__DisplayClass6_0.<Invoke>b__1(T functionalCategory) 	   at Cegid.Framework.Diagnostics.ILogSourceExtensions.LogFlow[T](ILogSource logSource, Func`1 flowName, Func`1 flowInputs, Action`1 flow, Func`1 flowOutputs) 	Inner exception             : 	   Cegid.Retail.Services.Resources.Tec006Exception: Non-authorized DLL statement (SqlStatement: ProcedureCallStatement zpr_CreditoConsultaCupo). 	   Exception code                                 : CBR_006_0071 	   Action / method                                :  	   What to do                                     : Check SQL statement 	   Call stack                                     : 	      at Cegid.Retail.Services.LegacySql.LegacySqlChecker.Visit(IProcedureCallStatement expression) 	      at Cegid.Erp.Data.Sql.Expressions.DefaultSqlRebuilder.VisitSqlExpression(ISqlExpression expression) 	      at Cegid.Erp.Data.Sql.Expressions.DefaultSqlRebuilder.Visit(ISimpleSqlStatement expression) 	      at Cegid.Erp.Services.DBCommandCwasAdapter.ExecuteSQL(ICwasAdapterContext`2 context)"
06/26/2025 00:49:44.252,ERR,STUDIOF_PRD\POS207C2,Cegid.Framework.CwasAdapters,CallingFlow,"Method 'Cegid.Cbp.DBCommandService.ExecuteSQL' - Exception - Cegid.Framework.CbpException: Error when calling the method 'ExecuteSQL' of the adapter 'Cegid.Erp.Services.DBCommandCwasAdapter'. 	Exception code              : CBP50101 	Action / method             : CwasAdapter.CreateDelegate 	What to do                  : <Empty> 	RequestTobAsXml             : <?xml version=""1.0"" encoding=""utf-8""?><Document><Data formatVersion=""ForwardRead"" serializeVersion=""3.1""><Tob Name=""In""><Fields><Field Name=""SQL"" Type=""String"" Value=""/* StandardForm:TFTicketFO */  execute zpr_CreditoConsultaCupo &quot;8596C6DC-A1E4-4085-ABE5-40B1952B4480&quot;,&quot;37842797&quot;,&quot;CC&quot;,&quot;207&quot; "" /><Field Name=""VERSIONDEMO"" Type=""String"" Value=""-"" /><Field Name=""TYPESERIALISATION"" Type=""Integer"" Value=""0"" /><Field Name=""EXTENDVALUE2"" Type=""String"" Value=""fa8c197a5157466cd02ccacfc95d02efb73e7e55dfb79c82379960aef8e2b769ec7889dfec444de07132eca9ce6229770e6569e9980e8570e3e75a10a089e394"" /><Field Name=""EXTENDVALUE"" Type=""Base64Binary"" Value=""34VtA6VFLd4TFhwt+2KlnoozD9iKRy13Hg50+utCNhveliF3C+em4R1He4056iyw465RSu6qSdR1p1/f8cGCDg=="" /><Field Name=""EXTENDPARAMETER"" Type=""String"" Value=""FOS5_SC_24.0"" /></Fields></Tob></Data></Document> 	Call stack                  : 	   at Cegid.Framework.Legacy.CwasAdapterModel.CwasAdapter.CwasAdapterMethodInfo.<>c__DisplayClass27_0.<CreateDelegate>b__0(ICwasAdapterContext cwasAdapterContext) 	   at Cegid.Framework.Legacy.CwasAdapterModel.CwasAdapter.SyncCwasAdapterMethodInfo.<>c__DisplayClass4_0.<CreateAction>b__0(ICwasAdapterContext`2 cwasAdapterContext) 	   at Cegid.Framework.Legacy.CwasAdapterModel.CwasAdapter.<>c__DisplayClass31_0.<CreateInvoker>b__0(ICwasAdapterContext`2 cwasAdapterContext) 	   at Cegid.Framework.Legacy.CwasAdapterModel.CwasAdapter.Invoke(ICwasAdapterContext`2 context) 	   at Cegid.Framework.Legacy.CwasAdapterModel.CwasAdapterService.Invoke(ICwasAdapterContext`2 context) 	   at Cegid.Framework.Legacy.Dispatch.LegacyDispatcher.<>c__DisplayClass5_1.<Invoke>b__2() 	   at Cegid.Framework.ExceptionHelper.TryHandle(Action action, Func`2 isHandled) 	   at Cegid.Framework.Diagnostics.ILogSourceExtensions.LogFlow[T](ILogSource logSource, Func`1 flowName, Func`1 flowInputs, Action`1 flow, Func`1 flowOutputs) 	Inner exception             : 	   Cegid.Retail.Services.Resources.Tec006Exception: Non-authorized DLL statement (SqlStatement: ProcedureCallStatement zpr_CreditoConsultaCupo). 	   Exception code                                 : CBR_006_0071 	   Action / method                                :  	   What to do                                     : Check SQL statement 	   Call stack                                     : 	      at Cegid.Retail.Services.LegacySql.LegacySqlChecker.Visit(IProcedureCallStatement expression) 	      at Cegid.Erp.Data.Sql.Expressions.DefaultSqlRebuilder.VisitSqlExpression(ISqlExpression expression) 	      at Cegid.Erp.Data.Sql.Expressions.DefaultSqlRebuilder.Visit(ISimpleSqlStatement expression) 	      at Cegid.Erp.Services.DBCommandCwasAdapter.ExecuteSQL(ICwasAdapterContext`2 context)"
06/26/2025 00:49:44.252,ERR,STUDIOF_PRD\POS207C2,Cegid.Framework.ServiceModel,ApplicationFlow,"Function 'LegacyDispatcherService.svc - Invoke' - Exception - Cegid.Framework.CbpException: Error when calling the method 'ExecuteSQL' of the adapter 'Cegid.Erp.Services.DBCommandCwasAdapter'. 	Exception code              : CBP50101 	Action / method             : CwasAdapter.CreateDelegate 	What to do                  : <Empty> 	RequestTobAsXml             : <?xml version=""1.0"" encoding=""utf-8""?><Document><Data formatVersion=""ForwardRead"" serializeVersion=""3.1""><Tob Name=""In""><Fields><Field Name=""SQL"" Type=""String"" Value=""/* StandardForm:TFTicketFO */  execute zpr_CreditoConsultaCupo &quot;8596C6DC-A1E4-4085-ABE5-40B1952B4480&quot;,&quot;37842797&quot;,&quot;CC&quot;,&quot;207&quot; "" /><Field Name=""VERSIONDEMO"" Type=""String"" Value=""-"" /><Field Name=""TYPESERIALISATION"" Type=""Integer"" Value=""0"" /><Field Name=""EXTENDVALUE2"" Type=""String"" Value=""fa8c197a5157466cd02ccacfc95d02efb73e7e55dfb79c82379960aef8e2b769ec7889dfec444de07132eca9ce6229770e6569e9980e8570e3e75a10a089e394"" /><Field Name=""EXTENDVALUE"" Type=""Base64Binary"" Value=""34VtA6VFLd4TFhwt+2KlnoozD9iKRy13Hg50+utCNhveliF3C+em4R1He4056iyw465RSu6qSdR1p1/f8cGCDg=="" /><Field Name=""EXTENDPARAMETER"" Type=""String"" Value=""FOS5_SC_24.0"" /></Fields></Tob></Data></Document> 	TrackingId                  : 98349d87-2626-49d7-9369-0538eff170ab 	Call stack                  : 	   at Cegid.Framework.Legacy.CwasAdapterModel.CwasAdapter.CwasAdapterMethodInfo.<>c__DisplayClass27_0.<CreateDelegate>b__0(ICwasAdapterContext cwasAdapterContext) 	   at Cegid.Framework.Legacy.CwasAdapterModel.CwasAdapter.SyncCwasAdapterMethodInfo.<>c__DisplayClass4_0.<CreateAction>b__0(ICwasAdapterContext`2 cwasAdapterContext) 	   at Cegid.Framework.Legacy.CwasAdapterModel.CwasAdapter.<>c__DisplayClass31_0.<CreateInvoker>b__0(ICwasAdapterContext`2 cwasAdapterContext) 	   at Cegid.Framework.Legacy.CwasAdapterModel.CwasAdapter.Invoke(ICwasAdapterContext`2 context) 	   at Cegid.Framework.Legacy.CwasAdapterModel.CwasAdapterService.Invoke(ICwasAdapterContext`2 context) 	   at Cegid.Framework.Legacy.Dispatch.LegacyDispatcher.<>c__DisplayClass5_1.<Invoke>b__2() 	   at Cegid.Framework.ExceptionHelper.TryHandle(Action action, Func`2 isHandled) 	   at Cegid.Framework.Diagnostics.ILogSourceExtensions.LogFlow[T](ILogSource logSource, Func`1 flowName, Func`1 flowInputs, Action`1 flow, Func`1 flowOutputs) 	   at Cegid.Framework.Legacy.Dispatch.LegacyDispatcher.Invoke(String action, String parameter, IDataTob request) 	   at Cegid.Erp.Services.LegacyHost.LegacyDispatcherServiceBase.Invoke(IHub hub, String action, String parameter, IDataTob request) 	   at SyncInvokeInvoke(Object , Object[] , Object[] ) 	   at System.ServiceModel.Dispatcher.SyncMethodInvoker.Invoke(Object instance, Object[] inputs, Object[]& outputs) 	   at Cegid.Framework.ServiceModel.Dispatcher.LogOperationInvoker`1.<>c__DisplayClass6_0.<Invoke>b__1(T functionalCategory) 	   at Cegid.Framework.Diagnostics.ILogSourceExtensions.LogFlow[T](ILogSource logSource, Func`1 flowName, Func`1 flowInputs, Action`1 flow, Func`1 flowOutputs) 	Inner exception             : 	   Cegid.Retail.Services.Resources.Tec006Exception: Non-authorized DLL statement (SqlStatement: ProcedureCallStatement zpr_CreditoConsultaCupo). 	   Exception code                                 : CBR_006_0071 	   Action / method                                :  	   What to do                                     : Check SQL statement 	   Call stack                                     : 	      at Cegid.Retail.Services.LegacySql.LegacySqlChecker.Visit(IProcedureCallStatement expression) 	      at Cegid.Erp.Data.Sql.Expressions.DefaultSqlRebuilder.VisitSqlExpression(ISqlExpression expression) 	      at Cegid.Erp.Data.Sql.Expressions.DefaultSqlRebuilder.Visit(ISimpleSqlStatement expression) 	      at Cegid.Erp.Services.DBCommandCwasAdapter.ExecuteSQL(ICwasAdapterContext`2 context)"
06/26/2025 00:49:51.141,ERR,STUDIOF_PRD\POS628C1,Cegid.Framework.CwasAdapters,CallingFlow,"Method 'Cegid.Cbp.DBCommandService.ExecuteSQL' - Exception - Cegid.Framework.CbpException: Error when calling the method 'ExecuteSQL' of the adapter 'Cegid.Erp.Services.DBCommandCwasAdapter'. 	Exception code              : CBP50101 	Action / method             : CwasAdapter.CreateDelegate 	What to do                  : <Empty> 	RequestTobAsXml             : <?xml version=""1.0"" encoding=""utf-8""?><Document><Data formatVersion=""ForwardRead"" serializeVersion=""3.1""><Tob Name=""In""><Fields><Field Name=""SQL"" Type=""String"" Value=""/* StandardForm:TFTicketFO */  execute zpr_CreditoConsultaCupo &quot;299E9E23-66D0-46F3-A855-0CAFD9FF88F8&quot;,&quot;42986401&quot;,&quot;CC&quot;,&quot;628&quot; "" /><Field Name=""VERSIONDEMO"" Type=""String"" Value=""-"" /><Field Name=""TYPESERIALISATION"" Type=""Integer"" Value=""0"" /><Field Name=""EXTENDVALUE2"" Type=""String"" Value=""a36c49c9f655d2ebceed7176887c1a8d2397288cd7072c45147f8f1ac463571bc85ea4c9451281c7ed2394556b4d00d193828de5c05fdb2da42cd537301e947d"" /><Field Name=""EXTENDVALUE"" Type=""Base64Binary"" Value=""wPQLHqeu6b+KUjPjtRxmy5qkqsfQqHVStDM9U7yp9pO3SJtsZwFxNhGjIKUcA/h5SeEEH8Gxz11pLedvrt+SVg=="" /><Field Name=""EXTENDPARAMETER"" Type=""String"" Value=""FOS5_SC_24.0"" /></Fields></Tob></Data></Document> 	Call stack                  : 	   at Cegid.Framework.Legacy.CwasAdapterModel.CwasAdapter.CwasAdapterMethodInfo.<>c__DisplayClass27_0.<CreateDelegate>b__0(ICwasAdapterContext cwasAdapterContext) 	   at Cegid.Framework.Legacy.CwasAdapterModel.CwasAdapter.SyncCwasAdapterMethodInfo.<>c__DisplayClass4_0.<CreateAction>b__0(ICwasAdapterContext`2 cwasAdapterContext) 	   at Cegid.Framework.Legacy.CwasAdapterModel.CwasAdapter.<>c__DisplayClass31_0.<CreateInvoker>b__0(ICwasAdapterContext`2 cwasAdapterContext) 	   at Cegid.Framework.Legacy.CwasAdapterModel.CwasAdapter.Invoke(ICwasAdapterContext`2 context) 	   at Cegid.Framework.Legacy.CwasAdapterModel.CwasAdapterService.Invoke(ICwasAdapterContext`2 context) 	   at Cegid.Framework.Legacy.Dispatch.LegacyDispatcher.<>c__DisplayClass5_1.<Invoke>b__2() 	   at Cegid.Framework.ExceptionHelper.TryHandle(Action action, Func`2 isHandled) 	   at Cegid.Framework.Diagnostics.ILogSourceExtensions.LogFlow[T](ILogSource logSource, Func`1 flowName, Func`1 flowInputs, Action`1 flow, Func`1 flowOutputs) 	Inner exception             : 	   Cegid.Retail.Services.Resources.Tec006Exception: Non-authorized DLL statement (SqlStatement: ProcedureCallStatement zpr_CreditoConsultaCupo). 	   Exception code                                 : CBR_006_0071 	   Action / method                                :  	   What to do                                     : Check SQL statement 	   Call stack                                     : 	      at Cegid.Retail.Services.LegacySql.LegacySqlChecker.Visit(IProcedureCallStatement expression) 	      at Cegid.Erp.Data.Sql.Expressions.DefaultSqlRebuilder.VisitSqlExpression(ISqlExpression expression) 	      at Cegid.Erp.Data.Sql.Expressions.DefaultSqlRebuilder.Visit(ISimpleSqlStatement expression) 	      at Cegid.Erp.Services.DBCommandCwasAdapter.ExecuteSQL(ICwasAdapterContext`2 context)"
06/26/2025 00:49:51.156,ERR,STUDIOF_PRD\POS628C1,Cegid.Framework.ServiceModel,ApplicationFlow,"Function 'LegacyDispatcherService.svc - Invoke' - Exception - Cegid.Framework.CbpException: Error when calling the method 'ExecuteSQL' of the adapter 'Cegid.Erp.Services.DBCommandCwasAdapter'. 	Exception code              : CBP50101 	Action / method             : CwasAdapter.CreateDelegate 	What to do                  : <Empty> 	RequestTobAsXml             : <?xml version=""1.0"" encoding=""utf-8""?><Document><Data formatVersion=""ForwardRead"" serializeVersion=""3.1""><Tob Name=""In""><Fields><Field Name=""SQL"" Type=""String"" Value=""/* StandardForm:TFTicketFO */  execute zpr_CreditoConsultaCupo &quot;299E9E23-66D0-46F3-A855-0CAFD9FF88F8&quot;,&quot;42986401&quot;,&quot;CC&quot;,&quot;628&quot; "" /><Field Name=""VERSIONDEMO"" Type=""String"" Value=""-"" /><Field Name=""TYPESERIALISATION"" Type=""Integer"" Value=""0"" /><Field Name=""EXTENDVALUE2"" Type=""String"" Value=""a36c49c9f655d2ebceed7176887c1a8d2397288cd7072c45147f8f1ac463571bc85ea4c9451281c7ed2394556b4d00d193828de5c05fdb2da42cd537301e947d"" /><Field Name=""EXTENDVALUE"" Type=""Base64Binary"" Value=""wPQLHqeu6b+KUjPjtRxmy5qkqsfQqHVStDM9U7yp9pO3SJtsZwFxNhGjIKUcA/h5SeEEH8Gxz11pLedvrt+SVg=="" /><Field Name=""EXTENDPARAMETER"" Type=""String"" Value=""FOS5_SC_24.0"" /></Fields></Tob></Data></Document> 	TrackingId                  : fadb5ffe-fbd4-4692-8a88-80ba6a8f490e 	Call stack                  : 	   at Cegid.Framework.Legacy.CwasAdapterModel.CwasAdapter.CwasAdapterMethodInfo.<>c__DisplayClass27_0.<CreateDelegate>b__0(ICwasAdapterContext cwasAdapterContext) 	   at Cegid.Framework.Legacy.CwasAdapterModel.CwasAdapter.SyncCwasAdapterMethodInfo.<>c__DisplayClass4_0.<CreateAction>b__0(ICwasAdapterContext`2 cwasAdapterContext) 	   at Cegid.Framework.Legacy.CwasAdapterModel.CwasAdapter.<>c__DisplayClass31_0.<CreateInvoker>b__0(ICwasAdapterContext`2 cwasAdapterContext) 	   at Cegid.Framework.Legacy.CwasAdapterModel.CwasAdapter.Invoke(ICwasAdapterContext`2 context) 	   at Cegid.Framework.Legacy.CwasAdapterModel.CwasAdapterService.Invoke(ICwasAdapterContext`2 context) 	   at Cegid.Framework.Legacy.Dispatch.LegacyDispatcher.<>c__DisplayClass5_1.<Invoke>b__2() 	   at Cegid.Framework.ExceptionHelper.TryHandle(Action action, Func`2 isHandled) 	   at Cegid.Framework.Diagnostics.ILogSourceExtensions.LogFlow[T](ILogSource logSource, Func`1 flowName, Func`1 flowInputs, Action`1 flow, Func`1 flowOutputs) 	   at Cegid.Framework.Legacy.Dispatch.LegacyDispatcher.Invoke(String action, String parameter, IDataTob request) 	   at Cegid.Erp.Services.LegacyHost.LegacyDispatcherServiceBase.Invoke(IHub hub, String action, String parameter, IDataTob request) 	   at SyncInvokeInvoke(Object , Object[] , Object[] ) 	   at System.ServiceModel.Dispatcher.SyncMethodInvoker.Invoke(Object instance, Object[] inputs, Object[]& outputs) 	   at Cegid.Framework.ServiceModel.Dispatcher.LogOperationInvoker`1.<>c__DisplayClass6_0.<Invoke>b__1(T functionalCategory) 	   at Cegid.Framework.Diagnostics.ILogSourceExtensions.LogFlow[T](ILogSource logSource, Func`1 flowName, Func`1 flowInputs, Action`1 flow, Func`1 flowOutputs) 	Inner exception             : 	   Cegid.Retail.Services.Resources.Tec006Exception: Non-authorized DLL statement (SqlStatement: ProcedureCallStatement zpr_CreditoConsultaCupo). 	   Exception code                                 : CBR_006_0071 	   Action / method                                :  	   What to do                                     : Check SQL statement 	   Call stack                                     : 	      at Cegid.Retail.Services.LegacySql.LegacySqlChecker.Visit(IProcedureCallStatement expression) 	      at Cegid.Erp.Data.Sql.Expressions.DefaultSqlRebuilder.VisitSqlExpression(ISqlExpression expression) 	      at Cegid.Erp.Data.Sql.Expressions.DefaultSqlRebuilder.Visit(ISimpleSqlStatement expression) 	      at Cegid.Erp.Services.DBCommandCwasAdapter.ExecuteSQL(ICwasAdapterContext`2 context)"
06/26/2025 00:49:58.776,ERR,STUDIOF_PRD\POS212C1,Cegid.Framework.CwasAdapters,CallingFlow,"Method 'Cegid.Cbp.DBCommandService.ExecuteSQL' - Exception - Cegid.Framework.CbpException: Error when calling the method 'ExecuteSQL' of the adapter 'Cegid.Erp.Services.DBCommandCwasAdapter'. 	Exception code              : CBP50101 	Action / method             : CwasAdapter.CreateDelegate 	What to do                  : <Empty> 	RequestTobAsXml             : <?xml version=""1.0"" encoding=""utf-8""?><Document><Data formatVersion=""ForwardRead"" serializeVersion=""3.1""><Tob Name=""In""><Fields><Field Name=""SQL"" Type=""String"" Value=""/* StandardForm:TFTicketFO */  execute zpr_CreditoConsultaCupo &quot;5AE16A01-DF07-4F11-81D3-B9AFECF41F4D&quot;,&quot;21992379&quot;,&quot;CC&quot;,&quot;212&quot; "" /><Field Name=""VERSIONDEMO"" Type=""String"" Value=""-"" /><Field Name=""TYPESERIALISATION"" Type=""Integer"" Value=""0"" /><Field Name=""EXTENDVALUE2"" Type=""String"" Value=""f525948c38bc7700731575c85ec1f70c6b49a9c5cb044834f624ea790948af1ee2f4e2dce25813882f5cc0453017f0296f17e04e2bd8cb5f9cf23a9eb6d087a9"" /><Field Name=""EXTENDVALUE"" Type=""Base64Binary"" Value=""AM0kbo7yELgZraFr/0LmklfnnQAQsy8+1Jumd9eRM/5GiySgw83pKoPOiYs+rh8iQ4G1zbk+nmVwd1dezilTEQ=="" /><Field Name=""EXTENDPARAMETER"" Type=""String"" Value=""FOS5_SC_24.0"" /></Fields></Tob></Data></Document> 	Call stack                  : 	   at Cegid.Framework.Legacy.CwasAdapterModel.CwasAdapter.CwasAdapterMethodInfo.<>c__DisplayClass27_0.<CreateDelegate>b__0(ICwasAdapterContext cwasAdapterContext) 	   at Cegid.Framework.Legacy.CwasAdapterModel.CwasAdapter.SyncCwasAdapterMethodInfo.<>c__DisplayClass4_0.<CreateAction>b__0(ICwasAdapterContext`2 cwasAdapterContext) 	   at Cegid.Framework.Legacy.CwasAdapterModel.CwasAdapter.<>c__DisplayClass31_0.<CreateInvoker>b__0(ICwasAdapterContext`2 cwasAdapterContext) 	   at Cegid.Framework.Legacy.CwasAdapterModel.CwasAdapter.Invoke(ICwasAdapterContext`2 context) 	   at Cegid.Framework.Legacy.CwasAdapterModel.CwasAdapterService.Invoke(ICwasAdapterContext`2 context) 	   at Cegid.Framework.Legacy.Dispatch.LegacyDispatcher.<>c__DisplayClass5_1.<Invoke>b__2() 	   at Cegid.Framework.ExceptionHelper.TryHandle(Action action, Func`2 isHandled) 	   at Cegid.Framework.Diagnostics.ILogSourceExtensions.LogFlow[T](ILogSource logSource, Func`1 flowName, Func`1 flowInputs, Action`1 flow, Func`1 flowOutputs) 	Inner exception             : 	   Cegid.Retail.Services.Resources.Tec006Exception: Non-authorized DLL statement (SqlStatement: ProcedureCallStatement zpr_CreditoConsultaCupo). 	   Exception code                                 : CBR_006_0071 	   Action / method                                :  	   What to do                                     : Check SQL statement 	   Call stack                                     : 	      at Cegid.Retail.Services.LegacySql.LegacySqlChecker.Visit(IProcedureCallStatement expression) 	      at Cegid.Erp.Data.Sql.Expressions.DefaultSqlRebuilder.VisitSqlExpression(ISqlExpression expression) 	      at Cegid.Erp.Data.Sql.Expressions.DefaultSqlRebuilder.Visit(ISimpleSqlStatement expression) 	      at Cegid.Erp.Services.DBCommandCwasAdapter.ExecuteSQL(ICwasAdapterContext`2 context)"
06/26/2025 00:49:58.776,ERR,STUDIOF_PRD\POS212C1,Cegid.Framework.ServiceModel,ApplicationFlow,"Function 'LegacyDispatcherService.svc - Invoke' - Exception - Cegid.Framework.CbpException: Error when calling the method 'ExecuteSQL' of the adapter 'Cegid.Erp.Services.DBCommandCwasAdapter'. 	Exception code              : CBP50101 	Action / method             : CwasAdapter.CreateDelegate 	What to do                  : <Empty> 	RequestTobAsXml             : <?xml version=""1.0"" encoding=""utf-8""?><Document><Data formatVersion=""ForwardRead"" serializeVersion=""3.1""><Tob Name=""In""><Fields><Field Name=""SQL"" Type=""String"" Value=""/* StandardForm:TFTicketFO */  execute zpr_CreditoConsultaCupo &quot;5AE16A01-DF07-4F11-81D3-B9AFECF41F4D&quot;,&quot;21992379&quot;,&quot;CC&quot;,&quot;212&quot; "" /><Field Name=""VERSIONDEMO"" Type=""String"" Value=""-"" /><Field Name=""TYPESERIALISATION"" Type=""Integer"" Value=""0"" /><Field Name=""EXTENDVALUE2"" Type=""String"" Value=""f525948c38bc7700731575c85ec1f70c6b49a9c5cb044834f624ea790948af1ee2f4e2dce25813882f5cc0453017f0296f17e04e2bd8cb5f9cf23a9eb6d087a9"" /><Field Name=""EXTENDVALUE"" Type=""Base64Binary"" Value=""AM0kbo7yELgZraFr/0LmklfnnQAQsy8+1Jumd9eRM/5GiySgw83pKoPOiYs+rh8iQ4G1zbk+nmVwd1dezilTEQ=="" /><Field Name=""EXTENDPARAMETER"" Type=""String"" Value=""FOS5_SC_24.0"" /></Fields></Tob></Data></Document> 	TrackingId                  : 58017bc2-5e37-4d55-8565-2b8277f888df 	Call stack                  : 	   at Cegid.Framework.Legacy.CwasAdapterModel.CwasAdapter.CwasAdapterMethodInfo.<>c__DisplayClass27_0.<CreateDelegate>b__0(ICwasAdapterContext cwasAdapterContext) 	   at Cegid.Framework.Legacy.CwasAdapterModel.CwasAdapter.SyncCwasAdapterMethodInfo.<>c__DisplayClass4_0.<CreateAction>b__0(ICwasAdapterContext`2 cwasAdapterContext) 	   at Cegid.Framework.Legacy.CwasAdapterModel.CwasAdapter.<>c__DisplayClass31_0.<CreateInvoker>b__0(ICwasAdapterContext`2 cwasAdapterContext) 	   at Cegid.Framework.Legacy.CwasAdapterModel.CwasAdapter.Invoke(ICwasAdapterContext`2 context) 	   at Cegid.Framework.Legacy.CwasAdapterModel.CwasAdapterService.Invoke(ICwasAdapterContext`2 context) 	   at Cegid.Framework.Legacy.Dispatch.LegacyDispatcher.<>c__DisplayClass5_1.<Invoke>b__2() 	   at Cegid.Framework.ExceptionHelper.TryHandle(Action action, Func`2 isHandled) 	   at Cegid.Framework.Diagnostics.ILogSourceExtensions.LogFlow[T](ILogSource logSource, Func`1 flowName, Func`1 flowInputs, Action`1 flow, Func`1 flowOutputs) 	   at Cegid.Framework.Legacy.Dispatch.LegacyDispatcher.Invoke(String action, String parameter, IDataTob request) 	   at Cegid.Erp.Services.LegacyHost.LegacyDispatcherServiceBase.Invoke(IHub hub, String action, String parameter, IDataTob request) 	   at SyncInvokeInvoke(Object , Object[] , Object[] ) 	   at System.ServiceModel.Dispatcher.SyncMethodInvoker.Invoke(Object instance, Object[] inputs, Object[]& outputs) 	   at Cegid.Framework.ServiceModel.Dispatcher.LogOperationInvoker`1.<>c__DisplayClass6_0.<Invoke>b__1(T functionalCategory) 	   at Cegid.Framework.Diagnostics.ILogSourceExtensions.LogFlow[T](ILogSource logSource, Func`1 flowName, Func`1 flowInputs, Action`1 flow, Func`1 flowOutputs) 	Inner exception             : 	   Cegid.Retail.Services.Resources.Tec006Exception: Non-authorized DLL statement (SqlStatement: ProcedureCallStatement zpr_CreditoConsultaCupo). 	   Exception code                                 : CBR_006_0071 	   Action / method                                :  	   What to do                                     : Check SQL statement 	   Call stack                                     : 	      at Cegid.Retail.Services.LegacySql.LegacySqlChecker.Visit(IProcedureCallStatement expression) 	      at Cegid.Erp.Data.Sql.Expressions.DefaultSqlRebuilder.VisitSqlExpression(ISqlExpression expression) 	      at Cegid.Erp.Data.Sql.Expressions.DefaultSqlRebuilder.Visit(ISimpleSqlStatement expression) 	      at Cegid.Erp.Services.DBCommandCwasAdapter.ExecuteSQL(ICwasAdapterContext`2 context)"
06/26/2025 00:50:04.989,ERR,STUDIOF_PRD\POS585C1,Cegid.Framework.CwasAdapters,CallingFlow,"Method 'Cegid.Cbp.DBCommandService.ExecuteSQL' - Exception - Cegid.Framework.CbpException: Error when calling the method 'ExecuteSQL' of the adapter 'Cegid.Erp.Services.DBCommandCwasAdapter'. 	Exception code              : CBP50101 	Action / method             : CwasAdapter.CreateDelegate 	What to do                  : <Empty> 	RequestTobAsXml             : <?xml version=""1.0"" encoding=""utf-8""?><Document><Data formatVersion=""ForwardRead"" serializeVersion=""3.1""><Tob Name=""In""><Fields><Field Name=""SQL"" Type=""String"" Value=""/* StandardForm:TFTicketFO */  execute zpr_CreditoConsultaCupo &quot;6B203CC7-BA1A-4CB5-932D-597BB09B460C&quot;,&quot;1000903473&quot;,&quot;CC&quot;,&quot;585&quot; "" /><Field Name=""VERSIONDEMO"" Type=""String"" Value=""-"" /><Field Name=""TYPESERIALISATION"" Type=""Integer"" Value=""0"" /><Field Name=""EXTENDVALUE2"" Type=""String"" Value=""9692f8cc1f34407ca3462d0adce0749a214c259fe58b95e7347d41aa3b64b360d058734a85f2ab5fd47b7d6f7bdfc312f374de7ef5e3b35931374ba89ae92006"" /><Field Name=""EXTENDVALUE"" Type=""Base64Binary"" Value=""NyOnT4+kM0lJ2p4Z5bH4MimwHEvHLiSQkUUyPG12sjxE9TTifaKKG73cDaBbbmZr44beqT6W9YE9HzXHRjcP3w=="" /><Field Name=""EXTENDPARAMETER"" Type=""String"" Value=""FOS5_SC_24.0"" /></Fields></Tob></Data></Document> 	Call stack                  : 	   at Cegid.Framework.Legacy.CwasAdapterModel.CwasAdapter.CwasAdapterMethodInfo.<>c__DisplayClass27_0.<CreateDelegate>b__0(ICwasAdapterContext cwasAdapterContext) 	   at Cegid.Framework.Legacy.CwasAdapterModel.CwasAdapter.SyncCwasAdapterMethodInfo.<>c__DisplayClass4_0.<CreateAction>b__0(ICwasAdapterContext`2 cwasAdapterContext) 	   at Cegid.Framework.Legacy.CwasAdapterModel.CwasAdapter.<>c__DisplayClass31_0.<CreateInvoker>b__0(ICwasAdapterContext`2 cwasAdapterContext) 	   at Cegid.Framework.Legacy.CwasAdapterModel.CwasAdapter.Invoke(ICwasAdapterContext`2 context) 	   at Cegid.Framework.Legacy.CwasAdapterModel.CwasAdapterService.Invoke(ICwasAdapterContext`2 context) 	   at Cegid.Framework.Legacy.Dispatch.LegacyDispatcher.<>c__DisplayClass5_1.<Invoke>b__2() 	   at Cegid.Framework.ExceptionHelper.TryHandle(Action action, Func`2 isHandled) 	   at Cegid.Framework.Diagnostics.ILogSourceExtensions.LogFlow[T](ILogSource logSource, Func`1 flowName, Func`1 flowInputs, Action`1 flow, Func`1 flowOutputs) 	Inner exception             : 	   Cegid.Retail.Services.Resources.Tec006Exception: Non-authorized DLL statement (SqlStatement: ProcedureCallStatement zpr_CreditoConsultaCupo). 	   Exception code                                 : CBR_006_0071 	   Action / method                                :  	   What to do                                     : Check SQL statement 	   Call stack                                     : 	      at Cegid.Retail.Services.LegacySql.LegacySqlChecker.Visit(IProcedureCallStatement expression) 	      at Cegid.Erp.Data.Sql.Expressions.DefaultSqlRebuilder.VisitSqlExpression(ISqlExpression expression) 	      at Cegid.Erp.Data.Sql.Expressions.DefaultSqlRebuilder.Visit(ISimpleSqlStatement expression) 	      at Cegid.Erp.Services.DBCommandCwasAdapter.ExecuteSQL(ICwasAdapterContext`2 context)"
06/26/2025 00:50:04.989,ERR,STUDIOF_PRD\POS585C1,Cegid.Framework.ServiceModel,ApplicationFlow,"Function 'LegacyDispatcherService.svc - Invoke' - Exception - Cegid.Framework.CbpException: Error when calling the method 'ExecuteSQL' of the adapter 'Cegid.Erp.Services.DBCommandCwasAdapter'. 	Exception code              : CBP50101 	Action / method             : CwasAdapter.CreateDelegate 	What to do                  : <Empty> 	RequestTobAsXml             : <?xml version=""1.0"" encoding=""utf-8""?><Document><Data formatVersion=""ForwardRead"" serializeVersion=""3.1""><Tob Name=""In""><Fields><Field Name=""SQL"" Type=""String"" Value=""/* StandardForm:TFTicketFO */  execute zpr_CreditoConsultaCupo &quot;6B203CC7-BA1A-4CB5-932D-597BB09B460C&quot;,&quot;1000903473&quot;,&quot;CC&quot;,&quot;585&quot; "" /><Field Name=""VERSIONDEMO"" Type=""String"" Value=""-"" /><Field Name=""TYPESERIALISATION"" Type=""Integer"" Value=""0"" /><Field Name=""EXTENDVALUE2"" Type=""String"" Value=""9692f8cc1f34407ca3462d0adce0749a214c259fe58b95e7347d41aa3b64b360d058734a85f2ab5fd47b7d6f7bdfc312f374de7ef5e3b35931374ba89ae92006"" /><Field Name=""EXTENDVALUE"" Type=""Base64Binary"" Value=""NyOnT4+kM0lJ2p4Z5bH4MimwHEvHLiSQkUUyPG12sjxE9TTifaKKG73cDaBbbmZr44beqT6W9YE9HzXHRjcP3w=="" /><Field Name=""EXTENDPARAMETER"" Type=""String"" Value=""FOS5_SC_24.0"" /></Fields></Tob></Data></Document> 	TrackingId                  : ee9476db-e38a-4303-827c-1fca4cff4a30 	Call stack                  : 	   at Cegid.Framework.Legacy.CwasAdapterModel.CwasAdapter.CwasAdapterMethodInfo.<>c__DisplayClass27_0.<CreateDelegate>b__0(ICwasAdapterContext cwasAdapterContext) 	   at Cegid.Framework.Legacy.CwasAdapterModel.CwasAdapter.SyncCwasAdapterMethodInfo.<>c__DisplayClass4_0.<CreateAction>b__0(ICwasAdapterContext`2 cwasAdapterContext) 	   at Cegid.Framework.Legacy.CwasAdapterModel.CwasAdapter.<>c__DisplayClass31_0.<CreateInvoker>b__0(ICwasAdapterContext`2 cwasAdapterContext) 	   at Cegid.Framework.Legacy.CwasAdapterModel.CwasAdapter.Invoke(ICwasAdapterContext`2 context) 	   at Cegid.Framework.Legacy.CwasAdapterModel.CwasAdapterService.Invoke(ICwasAdapterContext`2 context) 	   at Cegid.Framework.Legacy.Dispatch.LegacyDispatcher.<>c__DisplayClass5_1.<Invoke>b__2() 	   at Cegid.Framework.ExceptionHelper.TryHandle(Action action, Func`2 isHandled) 	   at Cegid.Framework.Diagnostics.ILogSourceExtensions.LogFlow[T](ILogSource logSource, Func`1 flowName, Func`1 flowInputs, Action`1 flow, Func`1 flowOutputs) 	   at Cegid.Framework.Legacy.Dispatch.LegacyDispatcher.Invoke(String action, String parameter, IDataTob request) 	   at Cegid.Erp.Services.LegacyHost.LegacyDispatcherServiceBase.Invoke(IHub hub, String action, String parameter, IDataTob request) 	   at SyncInvokeInvoke(Object , Object[] , Object[] ) 	   at System.ServiceModel.Dispatcher.SyncMethodInvoker.Invoke(Object instance, Object[] inputs, Object[]& outputs) 	   at Cegid.Framework.ServiceModel.Dispatcher.LogOperationInvoker`1.<>c__DisplayClass6_0.<Invoke>b__1(T functionalCategory) 	   at Cegid.Framework.Diagnostics.ILogSourceExtensions.LogFlow[T](ILogSource logSource, Func`1 flowName, Func`1 flowInputs, Action`1 flow, Func`1 flowOutputs) 	Inner exception             : 	   Cegid.Retail.Services.Resources.Tec006Exception: Non-authorized DLL statement (SqlStatement: ProcedureCallStatement zpr_CreditoConsultaCupo). 	   Exception code                                 : CBR_006_0071 	   Action / method                                :  	   What to do                                     : Check SQL statement 	   Call stack                                     : 	      at Cegid.Retail.Services.LegacySql.LegacySqlChecker.Visit(IProcedureCallStatement expression) 	      at Cegid.Erp.Data.Sql.Expressions.DefaultSqlRebuilder.VisitSqlExpression(ISqlExpression expression) 	      at Cegid.Erp.Data.Sql.Expressions.DefaultSqlRebuilder.Visit(ISimpleSqlStatement expression) 	      at Cegid.Erp.Services.DBCommandCwasAdapter.ExecuteSQL(ICwasAdapterContext`2 context)"
06/26/2025 00:50:58.760,ERR,STUDIOF_PRD\pos181c1,Cegid.Retail.Services.BasicWebRequest.BasicWebRequestService,,CBR_005_0458 : WebService.Id(WSS) failed after (3303)ms with Exception : (System.Net.Http.HttpRequestException: Bad Request)
06/26/2025 00:50:58.760,ERR,STUDIOF_PRD\pos181c1,Cegid.Framework.CwasAdapters,CallingFlow,"Method 'Cegid.CBR.BasicWebRequestService.Invoke' - Exception - Remote service returned error: 	""Error"""
06/26/2025 00:50:58.760,ERR,STUDIOF_PRD\pos181c1,Cegid.Framework.ServiceModel,ApplicationFlow,"Function 'LegacyDispatcherService.svc - Invoke' - Exception - Cegid.Retail.Services.Resources.Biz005Exception: Remote service returned error: 	""Error"" 	Exception code                                 : CBR_005_0458 	Action / method                                :  	What to do                                     : <Empty> 	RequestTobAsXml                                : <?xml version=""1.0"" encoding=""utf-8""?><Document><Data formatVersion=""ForwardRead"" serializeVersion=""3.1""><Tob Name=""InvokeRequest""><Fields><Field Name=""XML_CONTENT"" Type=""String"" Value=""&lt;?xml version=&quot;1.0&quot; encoding=&quot;UTF-16&quot; standalone=&quot;yes&quot;?&gt;&#xD;&#xA;&lt;InvokeRequest xmlns=&quot;http://www.cegid.fr/Retail/1.0&quot;&gt;&lt;SimpleParameters&gt;&lt;Parameter xmlns=&quot;http://www.cegid.fr/Retail/1.0&quot;&gt;&lt;Name&gt;HttpPost&lt;/Name&gt;&lt;Value&gt;execute Z_Api_sistecredito_validacion_Cliente &amp;amp;0641F2C8-360A-4B93-9682-BBF86C40F744&amp;amp;,&amp;amp;CC&amp;amp;,&amp;amp;43617007&amp;amp; &lt;/Value&gt;&lt;/Parameter&gt;&lt;/SimpleParameters&gt;&lt;WebService xmlns=&quot;http://www.cegid.fr/Retail/1.0&quot;&gt;&lt;Id&gt;WSS&lt;/Id&gt;&lt;Type&gt;CBS&lt;/Type&gt;&lt;/WebService&gt;&lt;/InvokeRequest&gt;"" /><Field Name=""VERSIONDEMO"" Type=""String"" Value=""-"" /><Field Name=""TYPESERIALISATION"" Type=""Integer"" Value=""0"" /></Fields></Tob></Data></Document> 	TrackingId                                     : b46ff2e0-5569-4a6c-8297-aadb2b1ac943 	Call stack                                     : 	   at Cegid.Retail.Services.BasicWebRequest.BasicWebRequestService.Invoke_Impl(InvokeRequest request) 	   at Cegid.Retail.LegacyServices.BasicWebRequest.BasicWebRequestServiceDtoAdapter.Invoke(ICwasAdapterContext`2 context) 	   at Cegid.Framework.Legacy.CwasAdapterModel.CwasAdapter.CwasAdapterMethodInfo.<>c__DisplayClass27_0.<CreateDelegate>b__0(ICwasAdapterContext cwasAdapterContext) 	   at Cegid.Framework.Legacy.CwasAdapterModel.CwasAdapter.SyncCwasAdapterMethodInfo.<>c__DisplayClass4_0.<CreateAction>b__0(ICwasAdapterContext`2 cwasAdapterContext) 	   at Cegid.Framework.Legacy.CwasAdapterModel.CwasAdapter.<>c__DisplayClass31_0.<CreateInvoker>b__0(ICwasAdapterContext`2 cwasAdapterContext) 	   at Cegid.Framework.Legacy.CwasAdapterModel.CwasAdapter.Invoke(ICwasAdapterContext`2 context) 	   at Cegid.Framework.Legacy.CwasAdapterModel.CwasAdapterService.Invoke(ICwasAdapterContext`2 context) 	   at Cegid.Framework.Legacy.Dispatch.LegacyDispatcher.<>c__DisplayClass5_1.<Invoke>b__2() 	   at Cegid.Framework.ExceptionHelper.TryHandle(Action action, Func`2 isHandled) 	   at Cegid.Framework.Diagnostics.ILogSourceExtensions.LogFlow[T](ILogSource logSource, Func`1 flowName, Func`1 flowInputs, Action`1 flow, Func`1 flowOutputs) 	   at Cegid.Framework.Legacy.Dispatch.LegacyDispatcher.Invoke(String action, String parameter, IDataTob request) 	   at Cegid.Erp.Services.LegacyHost.LegacyDispatcherServiceBase.Invoke(IHub hub, String action, String parameter, IDataTob request) 	   at SyncInvokeInvoke(Object , Object[] , Object[] ) 	   at System.ServiceModel.Dispatcher.SyncMethodInvoker.Invoke(Object instance, Object[] inputs, Object[]& outputs) 	   at Cegid.Framework.ServiceModel.Dispatcher.LogOperationInvoker`1.<>c__DisplayClass6_0.<Invoke>b__1(T functionalCategory) 	   at Cegid.Framework.Diagnostics.ILogSourceExtensions.LogFlow[T](ILogSource logSource, Func`1 flowName, Func`1 flowInputs, Action`1 flow, Func`1 flowOutputs)"
06/26/2025 00:51:07.008,ERR,STUDIOF_PRD\pos181c1,Cegid.Retail.Services.BasicWebRequest.BasicWebRequestService,,CBR_005_0458 : WebService.Id(WSS) failed after (197)ms with Exception : (System.Net.Http.HttpRequestException: Bad Request)
06/26/2025 00:51:07.008,ERR,STUDIOF_PRD\pos181c1,Cegid.Framework.CwasAdapters,CallingFlow,"Method 'Cegid.CBR.BasicWebRequestService.Invoke' - Exception - Remote service returned error: 	""Error"""
06/26/2025 00:51:07.008,ERR,STUDIOF_PRD\pos181c1,Cegid.Framework.ServiceModel,ApplicationFlow,"Function 'LegacyDispatcherService.svc - Invoke' - Exception - Cegid.Retail.Services.Resources.Biz005Exception: Remote service returned error: 	""Error"" 	Exception code                                 : CBR_005_0458 	Action / method                                :  	What to do                                     : <Empty> 	RequestTobAsXml                                : <?xml version=""1.0"" encoding=""utf-8""?><Document><Data formatVersion=""ForwardRead"" serializeVersion=""3.1""><Tob Name=""InvokeRequest""><Fields><Field Name=""XML_CONTENT"" Type=""String"" Value=""&lt;?xml version=&quot;1.0&quot; encoding=&quot;UTF-16&quot; standalone=&quot;yes&quot;?&gt;&#xD;&#xA;&lt;InvokeRequest xmlns=&quot;http://www.cegid.fr/Retail/1.0&quot;&gt;&lt;SimpleParameters&gt;&lt;Parameter xmlns=&quot;http://www.cegid.fr/Retail/1.0&quot;&gt;&lt;Name&gt;HttpPost&lt;/Name&gt;&lt;Value&gt;execute Z_Api_sistecredito_validacion_Cliente &amp;amp;71AE6DBF-9114-4A60-AFFB-A51F5E58DD4D&amp;amp;,&amp;amp;CC&amp;amp;,&amp;amp;43617007&amp;amp; &lt;/Value&gt;&lt;/Parameter&gt;&lt;/SimpleParameters&gt;&lt;WebService xmlns=&quot;http://www.cegid.fr/Retail/1.0&quot;&gt;&lt;Id&gt;WSS&lt;/Id&gt;&lt;Type&gt;CBS&lt;/Type&gt;&lt;/WebService&gt;&lt;/InvokeRequest&gt;"" /><Field Name=""VERSIONDEMO"" Type=""String"" Value=""-"" /><Field Name=""TYPESERIALISATION"" Type=""Integer"" Value=""0"" /></Fields></Tob></Data></Document> 	TrackingId                                     : c01f2cf3-9a00-4351-9234-644d7ba60fa9 	Call stack                                     : 	   at Cegid.Retail.Services.BasicWebRequest.BasicWebRequestService.Invoke_Impl(InvokeRequest request) 	   at Cegid.Retail.LegacyServices.BasicWebRequest.BasicWebRequestServiceDtoAdapter.Invoke(ICwasAdapterContext`2 context) 	   at Cegid.Framework.Legacy.CwasAdapterModel.CwasAdapter.CwasAdapterMethodInfo.<>c__DisplayClass27_0.<CreateDelegate>b__0(ICwasAdapterContext cwasAdapterContext) 	   at Cegid.Framework.Legacy.CwasAdapterModel.CwasAdapter.SyncCwasAdapterMethodInfo.<>c__DisplayClass4_0.<CreateAction>b__0(ICwasAdapterContext`2 cwasAdapterContext) 	   at Cegid.Framework.Legacy.CwasAdapterModel.CwasAdapter.<>c__DisplayClass31_0.<CreateInvoker>b__0(ICwasAdapterContext`2 cwasAdapterContext) 	   at Cegid.Framework.Legacy.CwasAdapterModel.CwasAdapter.Invoke(ICwasAdapterContext`2 context) 	   at Cegid.Framework.Legacy.CwasAdapterModel.CwasAdapterService.Invoke(ICwasAdapterContext`2 context) 	   at Cegid.Framework.Legacy.Dispatch.LegacyDispatcher.<>c__DisplayClass5_1.<Invoke>b__2() 	   at Cegid.Framework.ExceptionHelper.TryHandle(Action action, Func`2 isHandled) 	   at Cegid.Framework.Diagnostics.ILogSourceExtensions.LogFlow[T](ILogSource logSource, Func`1 flowName, Func`1 flowInputs, Action`1 flow, Func`1 flowOutputs) 	   at Cegid.Framework.Legacy.Dispatch.LegacyDispatcher.Invoke(String action, String parameter, IDataTob request) 	   at Cegid.Erp.Services.LegacyHost.LegacyDispatcherServiceBase.Invoke(IHub hub, String action, String parameter, IDataTob request) 	   at SyncInvokeInvoke(Object , Object[] , Object[] ) 	   at System.ServiceModel.Dispatcher.SyncMethodInvoker.Invoke(Object instance, Object[] inputs, Object[]& outputs) 	   at Cegid.Framework.ServiceModel.Dispatcher.LogOperationInvoker`1.<>c__DisplayClass6_0.<Invoke>b__1(T functionalCategory) 	   at Cegid.Framework.Diagnostics.ILogSourceExtensions.LogFlow[T](ILogSource logSource, Func`1 flowName, Func`1 flowInputs, Action`1 flow, Func`1 flowOutputs)"
06/26/2025 00:51:11.136,ERR,STUDIOF_PRD\Pos208c1,Cegid.Framework.CwasAdapters,CallingFlow,"Method 'Cegid.Cbp.DBCommandService.ExecuteSQL' - Exception - Cegid.Framework.CbpException: Error when calling the method 'ExecuteSQL' of the adapter 'Cegid.Erp.Services.DBCommandCwasAdapter'. 	Exception code              : CBP50101 	Action / method             : CwasAdapter.CreateDelegate 	What to do                  : <Empty> 	RequestTobAsXml             : <?xml version=""1.0"" encoding=""utf-8""?><Document><Data formatVersion=""ForwardRead"" serializeVersion=""3.1""><Tob Name=""In""><Fields><Field Name=""SQL"" Type=""String"" Value=""/* StandardForm:TFTicketFO */  execute zpr_CreditoConsultaCupo &quot;FF7BA5F2-410E-47D4-ACB8-E90D5BB149F6&quot;,&quot;52160195&quot;,&quot;CC&quot;,&quot;208&quot; "" /><Field Name=""VERSIONDEMO"" Type=""String"" Value=""-"" /><Field Name=""TYPESERIALISATION"" Type=""Integer"" Value=""0"" /><Field Name=""EXTENDVALUE2"" Type=""String"" Value=""1e25d2b41ed0017c45f169c912a44f66f6e75b591372695809c2ca3154b95fa00dbd0dc07fa2a3efb5b91e997afacaba51b6215cf7d19e697e0a4a71d2298b0a"" /><Field Name=""EXTENDVALUE"" Type=""Base64Binary"" Value=""HtQc58KrTDUjzJWj7/hKyWa1fL8NCzeoJsI1SPoPURIurd9q7UI4N5PGruK6nUlnkGO+avUZuSkqFC02RmUOQw=="" /><Field Name=""EXTENDPARAMETER"" Type=""String"" Value=""FOS5_SC_24.0"" /></Fields></Tob></Data></Document> 	Call stack                  : 	   at Cegid.Framework.Legacy.CwasAdapterModel.CwasAdapter.CwasAdapterMethodInfo.<>c__DisplayClass27_0.<CreateDelegate>b__0(ICwasAdapterContext cwasAdapterContext) 	   at Cegid.Framework.Legacy.CwasAdapterModel.CwasAdapter.SyncCwasAdapterMethodInfo.<>c__DisplayClass4_0.<CreateAction>b__0(ICwasAdapterContext`2 cwasAdapterContext) 	   at Cegid.Framework.Legacy.CwasAdapterModel.CwasAdapter.<>c__DisplayClass31_0.<CreateInvoker>b__0(ICwasAdapterContext`2 cwasAdapterContext) 	   at Cegid.Framework.Legacy.CwasAdapterModel.CwasAdapter.Invoke(ICwasAdapterContext`2 context) 	   at Cegid.Framework.Legacy.CwasAdapterModel.CwasAdapterService.Invoke(ICwasAdapterContext`2 context) 	   at Cegid.Framework.Legacy.Dispatch.LegacyDispatcher.<>c__DisplayClass5_1.<Invoke>b__2() 	   at Cegid.Framework.ExceptionHelper.TryHandle(Action action, Func`2 isHandled) 	   at Cegid.Framework.Diagnostics.ILogSourceExtensions.LogFlow[T](ILogSource logSource, Func`1 flowName, Func`1 flowInputs, Action`1 flow, Func`1 flowOutputs) 	Inner exception             : 	   Cegid.Retail.Services.Resources.Tec006Exception: Non-authorized DLL statement (SqlStatement: ProcedureCallStatement zpr_CreditoConsultaCupo). 	   Exception code                                 : CBR_006_0071 	   Action / method                                :  	   What to do                                     : Check SQL statement 	   Call stack                                     : 	      at Cegid.Retail.Services.LegacySql.LegacySqlChecker.Visit(IProcedureCallStatement expression) 	      at Cegid.Erp.Data.Sql.Expressions.DefaultSqlRebuilder.VisitSqlExpression(ISqlExpression expression) 	      at Cegid.Erp.Data.Sql.Expressions.DefaultSqlRebuilder.Visit(ISimpleSqlStatement expression) 	      at Cegid.Erp.Services.DBCommandCwasAdapter.ExecuteSQL(ICwasAdapterContext`2 context)"
06/26/2025 00:51:11.136,ERR,STUDIOF_PRD\Pos208c1,Cegid.Framework.ServiceModel,ApplicationFlow,"Function 'LegacyDispatcherService.svc - Invoke' - Exception - Cegid.Framework.CbpException: Error when calling the method 'ExecuteSQL' of the adapter 'Cegid.Erp.Services.DBCommandCwasAdapter'. 	Exception code              : CBP50101 	Action / method             : CwasAdapter.CreateDelegate 	What to do                  : <Empty> 	RequestTobAsXml             : <?xml version=""1.0"" encoding=""utf-8""?><Document><Data formatVersion=""ForwardRead"" serializeVersion=""3.1""><Tob Name=""In""><Fields><Field Name=""SQL"" Type=""String"" Value=""/* StandardForm:TFTicketFO */  execute zpr_CreditoConsultaCupo &quot;FF7BA5F2-410E-47D4-ACB8-E90D5BB149F6&quot;,&quot;52160195&quot;,&quot;CC&quot;,&quot;208&quot; "" /><Field Name=""VERSIONDEMO"" Type=""String"" Value=""-"" /><Field Name=""TYPESERIALISATION"" Type=""Integer"" Value=""0"" /><Field Name=""EXTENDVALUE2"" Type=""String"" Value=""1e25d2b41ed0017c45f169c912a44f66f6e75b591372695809c2ca3154b95fa00dbd0dc07fa2a3efb5b91e997afacaba51b6215cf7d19e697e0a4a71d2298b0a"" /><Field Name=""EXTENDVALUE"" Type=""Base64Binary"" Value=""HtQc58KrTDUjzJWj7/hKyWa1fL8NCzeoJsI1SPoPURIurd9q7UI4N5PGruK6nUlnkGO+avUZuSkqFC02RmUOQw=="" /><Field Name=""EXTENDPARAMETER"" Type=""String"" Value=""FOS5_SC_24.0"" /></Fields></Tob></Data></Document> 	TrackingId                  : 77f9b9c8-af41-4449-801f-979896b6c6ba 	Call stack                  : 	   at Cegid.Framework.Legacy.CwasAdapterModel.CwasAdapter.CwasAdapterMethodInfo.<>c__DisplayClass27_0.<CreateDelegate>b__0(ICwasAdapterContext cwasAdapterContext) 	   at Cegid.Framework.Legacy.CwasAdapterModel.CwasAdapter.SyncCwasAdapterMethodInfo.<>c__DisplayClass4_0.<CreateAction>b__0(ICwasAdapterContext`2 cwasAdapterContext) 	   at Cegid.Framework.Legacy.CwasAdapterModel.CwasAdapter.<>c__DisplayClass31_0.<CreateInvoker>b__0(ICwasAdapterContext`2 cwasAdapterContext) 	   at Cegid.Framework.Legacy.CwasAdapterModel.CwasAdapter.Invoke(ICwasAdapterContext`2 context) 	   at Cegid.Framework.Legacy.CwasAdapterModel.CwasAdapterService.Invoke(ICwasAdapterContext`2 context) 	   at Cegid.Framework.Legacy.Dispatch.LegacyDispatcher.<>c__DisplayClass5_1.<Invoke>b__2() 	   at Cegid.Framework.ExceptionHelper.TryHandle(Action action, Func`2 isHandled) 	   at Cegid.Framework.Diagnostics.ILogSourceExtensions.LogFlow[T](ILogSource logSource, Func`1 flowName, Func`1 flowInputs, Action`1 flow, Func`1 flowOutputs) 	   at Cegid.Framework.Legacy.Dispatch.LegacyDispatcher.Invoke(String action, String parameter, IDataTob request) 	   at Cegid.Erp.Services.LegacyHost.LegacyDispatcherServiceBase.Invoke(IHub hub, String action, String parameter, IDataTob request) 	   at SyncInvokeInvoke(Object , Object[] , Object[] ) 	   at System.ServiceModel.Dispatcher.SyncMethodInvoker.Invoke(Object instance, Object[] inputs, Object[]& outputs) 	   at Cegid.Framework.ServiceModel.Dispatcher.LogOperationInvoker`1.<>c__DisplayClass6_0.<Invoke>b__1(T functionalCategory) 	   at Cegid.Framework.Diagnostics.ILogSourceExtensions.LogFlow[T](ILogSource logSource, Func`1 flowName, Func`1 flowInputs, Action`1 flow, Func`1 flowOutputs) 	Inner exception             : 	   Cegid.Retail.Services.Resources.Tec006Exception: Non-authorized DLL statement (SqlStatement: ProcedureCallStatement zpr_CreditoConsultaCupo). 	   Exception code                                 : CBR_006_0071 	   Action / method                                :  	   What to do                                     : Check SQL statement 	   Call stack                                     : 	      at Cegid.Retail.Services.LegacySql.LegacySqlChecker.Visit(IProcedureCallStatement expression) 	      at Cegid.Erp.Data.Sql.Expressions.DefaultSqlRebuilder.VisitSqlExpression(ISqlExpression expression) 	      at Cegid.Erp.Data.Sql.Expressions.DefaultSqlRebuilder.Visit(ISimpleSqlStatement expression) 	      at Cegid.Erp.Services.DBCommandCwasAdapter.ExecuteSQL(ICwasAdapterContext`2 context)"
06/26/2025 00:51:18.649,ERR,STUDIOF_PRD\POS585C1,Cegid.Framework.CwasAdapters,CallingFlow,"Method 'Cegid.Cbp.DBCommandService.ExecuteSQL' - Exception - Cegid.Framework.CbpException: Error when calling the method 'ExecuteSQL' of the adapter 'Cegid.Erp.Services.DBCommandCwasAdapter'. 	Exception code              : CBP50101 	Action / method             : CwasAdapter.CreateDelegate 	What to do                  : <Empty> 	RequestTobAsXml             : <?xml version=""1.0"" encoding=""utf-8""?><Document><Data formatVersion=""ForwardRead"" serializeVersion=""3.1""><Tob Name=""In""><Fields><Field Name=""SQL"" Type=""String"" Value=""/* StandardForm:TFTicketFO */  execute zpr_CreditoConsultaCupo &quot;98F97971-BD57-4BBD-9020-08A718C0ECD7&quot;,&quot;1000903473&quot;,&quot;CC&quot;,&quot;585&quot; "" /><Field Name=""VERSIONDEMO"" Type=""String"" Value=""-"" /><Field Name=""TYPESERIALISATION"" Type=""Integer"" Value=""0"" /><Field Name=""EXTENDVALUE2"" Type=""String"" Value=""04382d95dbe39fe163f053f71c775be347f4e35d69590452edfdf3064495f164e07e90740e9de6a1eee7e69966ab02fc77f7671cd69c2d3c201bd58e0844b089"" /><Field Name=""EXTENDVALUE"" Type=""Base64Binary"" Value=""DeS/lvmy1CKX4GCojEosqEC/fHtQLRdzh+ZyQYfWsLSXZFBry+fbLQP8yPLJ9t6hr9V3UpMamajUEg9dNTOLAA=="" /><Field Name=""EXTENDPARAMETER"" Type=""String"" Value=""FOS5_SC_24.0"" /></Fields></Tob></Data></Document> 	Call stack                  : 	   at Cegid.Framework.Legacy.CwasAdapterModel.CwasAdapter.CwasAdapterMethodInfo.<>c__DisplayClass27_0.<CreateDelegate>b__0(ICwasAdapterContext cwasAdapterContext) 	   at Cegid.Framework.Legacy.CwasAdapterModel.CwasAdapter.SyncCwasAdapterMethodInfo.<>c__DisplayClass4_0.<CreateAction>b__0(ICwasAdapterContext`2 cwasAdapterContext) 	   at Cegid.Framework.Legacy.CwasAdapterModel.CwasAdapter.<>c__DisplayClass31_0.<CreateInvoker>b__0(ICwasAdapterContext`2 cwasAdapterContext) 	   at Cegid.Framework.Legacy.CwasAdapterModel.CwasAdapter.Invoke(ICwasAdapterContext`2 context) 	   at Cegid.Framework.Legacy.CwasAdapterModel.CwasAdapterService.Invoke(ICwasAdapterContext`2 context) 	   at Cegid.Framework.Legacy.Dispatch.LegacyDispatcher.<>c__DisplayClass5_1.<Invoke>b__2() 	   at Cegid.Framework.ExceptionHelper.TryHandle(Action action, Func`2 isHandled) 	   at Cegid.Framework.Diagnostics.ILogSourceExtensions.LogFlow[T](ILogSource logSource, Func`1 flowName, Func`1 flowInputs, Action`1 flow, Func`1 flowOutputs) 	Inner exception             : 	   Cegid.Retail.Services.Resources.Tec006Exception: Non-authorized DLL statement (SqlStatement: ProcedureCallStatement zpr_CreditoConsultaCupo). 	   Exception code                                 : CBR_006_0071 	   Action / method                                :  	   What to do                                     : Check SQL statement 	   Call stack                                     : 	      at Cegid.Retail.Services.LegacySql.LegacySqlChecker.Visit(IProcedureCallStatement expression) 	      at Cegid.Erp.Data.Sql.Expressions.DefaultSqlRebuilder.VisitSqlExpression(ISqlExpression expression) 	      at Cegid.Erp.Data.Sql.Expressions.DefaultSqlRebuilder.Visit(ISimpleSqlStatement expression) 	      at Cegid.Erp.Services.DBCommandCwasAdapter.ExecuteSQL(ICwasAdapterContext`2 context)"
06/26/2025 00:51:18.649,ERR,STUDIOF_PRD\POS585C1,Cegid.Framework.ServiceModel,ApplicationFlow,"Function 'LegacyDispatcherService.svc - Invoke' - Exception - Cegid.Framework.CbpException: Error when calling the method 'ExecuteSQL' of the adapter 'Cegid.Erp.Services.DBCommandCwasAdapter'. 	Exception code              : CBP50101 	Action / method             : CwasAdapter.CreateDelegate 	What to do                  : <Empty> 	RequestTobAsXml             : <?xml version=""1.0"" encoding=""utf-8""?><Document><Data formatVersion=""ForwardRead"" serializeVersion=""3.1""><Tob Name=""In""><Fields><Field Name=""SQL"" Type=""String"" Value=""/* StandardForm:TFTicketFO */  execute zpr_CreditoConsultaCupo &quot;98F97971-BD57-4BBD-9020-08A718C0ECD7&quot;,&quot;1000903473&quot;,&quot;CC&quot;,&quot;585&quot; "" /><Field Name=""VERSIONDEMO"" Type=""String"" Value=""-"" /><Field Name=""TYPESERIALISATION"" Type=""Integer"" Value=""0"" /><Field Name=""EXTENDVALUE2"" Type=""String"" Value=""04382d95dbe39fe163f053f71c775be347f4e35d69590452edfdf3064495f164e07e90740e9de6a1eee7e69966ab02fc77f7671cd69c2d3c201bd58e0844b089"" /><Field Name=""EXTENDVALUE"" Type=""Base64Binary"" Value=""DeS/lvmy1CKX4GCojEosqEC/fHtQLRdzh+ZyQYfWsLSXZFBry+fbLQP8yPLJ9t6hr9V3UpMamajUEg9dNTOLAA=="" /><Field Name=""EXTENDPARAMETER"" Type=""String"" Value=""FOS5_SC_24.0"" /></Fields></Tob></Data></Document> 	TrackingId                  : 59e4808d-da4a-46f2-9f5b-8865e0c6d9d7 	Call stack                  : 	   at Cegid.Framework.Legacy.CwasAdapterModel.CwasAdapter.CwasAdapterMethodInfo.<>c__DisplayClass27_0.<CreateDelegate>b__0(ICwasAdapterContext cwasAdapterContext) 	   at Cegid.Framework.Legacy.CwasAdapterModel.CwasAdapter.SyncCwasAdapterMethodInfo.<>c__DisplayClass4_0.<CreateAction>b__0(ICwasAdapterContext`2 cwasAdapterContext) 	   at Cegid.Framework.Legacy.CwasAdapterModel.CwasAdapter.<>c__DisplayClass31_0.<CreateInvoker>b__0(ICwasAdapterContext`2 cwasAdapterContext) 	   at Cegid.Framework.Legacy.CwasAdapterModel.CwasAdapter.Invoke(ICwasAdapterContext`2 context) 	   at Cegid.Framework.Legacy.CwasAdapterModel.CwasAdapterService.Invoke(ICwasAdapterContext`2 context) 	   at Cegid.Framework.Legacy.Dispatch.LegacyDispatcher.<>c__DisplayClass5_1.<Invoke>b__2() 	   at Cegid.Framework.ExceptionHelper.TryHandle(Action action, Func`2 isHandled) 	   at Cegid.Framework.Diagnostics.ILogSourceExtensions.LogFlow[T](ILogSource logSource, Func`1 flowName, Func`1 flowInputs, Action`1 flow, Func`1 flowOutputs) 	   at Cegid.Framework.Legacy.Dispatch.LegacyDispatcher.Invoke(String action, String parameter, IDataTob request) 	   at Cegid.Erp.Services.LegacyHost.LegacyDispatcherServiceBase.Invoke(IHub hub, String action, String parameter, IDataTob request) 	   at SyncInvokeInvoke(Object , Object[] , Object[] ) 	   at System.ServiceModel.Dispatcher.SyncMethodInvoker.Invoke(Object instance, Object[] inputs, Object[]& outputs) 	   at Cegid.Framework.ServiceModel.Dispatcher.LogOperationInvoker`1.<>c__DisplayClass6_0.<Invoke>b__1(T functionalCategory) 	   at Cegid.Framework.Diagnostics.ILogSourceExtensions.LogFlow[T](ILogSource logSource, Func`1 flowName, Func`1 flowInputs, Action`1 flow, Func`1 flowOutputs) 	Inner exception             : 	   Cegid.Retail.Services.Resources.Tec006Exception: Non-authorized DLL statement (SqlStatement: ProcedureCallStatement zpr_CreditoConsultaCupo). 	   Exception code                                 : CBR_006_0071 	   Action / method                                :  	   What to do                                     : Check SQL statement 	   Call stack                                     : 	      at Cegid.Retail.Services.LegacySql.LegacySqlChecker.Visit(IProcedureCallStatement expression) 	      at Cegid.Erp.Data.Sql.Expressions.DefaultSqlRebuilder.VisitSqlExpression(ISqlExpression expression) 	      at Cegid.Erp.Data.Sql.Expressions.DefaultSqlRebuilder.Visit(ISimpleSqlStatement expression) 	      at Cegid.Erp.Services.DBCommandCwasAdapter.ExecuteSQL(ICwasAdapterContext`2 context)"
06/26/2025 00:51:36.447,ERR,STUDIOF_PRD\POS750C1,Cegid.Framework.CwasAdapters,CallingFlow,"Method 'Cegid.Cbp.DBCommandService.ExecuteSQL' - Exception - Cegid.Framework.CbpException: Error when calling the method 'ExecuteSQL' of the adapter 'Cegid.Erp.Services.DBCommandCwasAdapter'. 	Exception code              : CBP50101 	Action / method             : CwasAdapter.CreateDelegate 	What to do                  : <Empty> 	RequestTobAsXml             : <?xml version=""1.0"" encoding=""utf-8""?><Document><Data formatVersion=""ForwardRead"" serializeVersion=""3.1""><Tob Name=""In""><Fields><Field Name=""SQL"" Type=""String"" Value=""/* StandardForm:TFTicketFO */  execute zpr_CreditoConsultaCupo &quot;24E7708A-4E03-438D-9DF1-14D2AAEFAB5A&quot;,&quot;1077175215&quot;,&quot;CC&quot;,&quot;750&quot; "" /><Field Name=""VERSIONDEMO"" Type=""String"" Value=""-"" /><Field Name=""TYPESERIALISATION"" Type=""Integer"" Value=""0"" /><Field Name=""EXTENDVALUE2"" Type=""String"" Value=""85e6b2220d2849930a1368d484a9f097a6cd14b1a97585b9dad1bfb849ce4ef22abdda5ce66d7e72d84d8e9618d79f00eac6af32e3ca390dd3cb08ad0819d5f3"" /><Field Name=""EXTENDVALUE"" Type=""Base64Binary"" Value=""5bJiTNunr015oXr6e433vad6DQMTlwM57UIVc137qz/j6h/0buOV9tLoX0CUn8Ib2BXU0a/PfjodFc2+QrWFPg=="" /><Field Name=""EXTENDPARAMETER"" Type=""String"" Value=""FOS5_SC_24.0"" /></Fields></Tob></Data></Document> 	Call stack                  : 	   at Cegid.Framework.Legacy.CwasAdapterModel.CwasAdapter.CwasAdapterMethodInfo.<>c__DisplayClass27_0.<CreateDelegate>b__0(ICwasAdapterContext cwasAdapterContext) 	   at Cegid.Framework.Legacy.CwasAdapterModel.CwasAdapter.SyncCwasAdapterMethodInfo.<>c__DisplayClass4_0.<CreateAction>b__0(ICwasAdapterContext`2 cwasAdapterContext) 	   at Cegid.Framework.Legacy.CwasAdapterModel.CwasAdapter.<>c__DisplayClass31_0.<CreateInvoker>b__0(ICwasAdapterContext`2 cwasAdapterContext) 	   at Cegid.Framework.Legacy.CwasAdapterModel.CwasAdapter.Invoke(ICwasAdapterContext`2 context) 	   at Cegid.Framework.Legacy.CwasAdapterModel.CwasAdapterService.Invoke(ICwasAdapterContext`2 context) 	   at Cegid.Framework.Legacy.Dispatch.LegacyDispatcher.<>c__DisplayClass5_1.<Invoke>b__2() 	   at Cegid.Framework.ExceptionHelper.TryHandle(Action action, Func`2 isHandled) 	   at Cegid.Framework.Diagnostics.ILogSourceExtensions.LogFlow[T](ILogSource logSource, Func`1 flowName, Func`1 flowInputs, Action`1 flow, Func`1 flowOutputs) 	Inner exception             : 	   Cegid.Retail.Services.Resources.Tec006Exception: Non-authorized DLL statement (SqlStatement: ProcedureCallStatement zpr_CreditoConsultaCupo). 	   Exception code                                 : CBR_006_0071 	   Action / method                                :  	   What to do                                     : Check SQL statement 	   Call stack                                     : 	      at Cegid.Retail.Services.LegacySql.LegacySqlChecker.Visit(IProcedureCallStatement expression) 	      at Cegid.Erp.Data.Sql.Expressions.DefaultSqlRebuilder.VisitSqlExpression(ISqlExpression expression) 	      at Cegid.Erp.Data.Sql.Expressions.DefaultSqlRebuilder.Visit(ISimpleSqlStatement expression) 	      at Cegid.Erp.Services.DBCommandCwasAdapter.ExecuteSQL(ICwasAdapterContext`2 context)"
06/26/2025 00:51:36.447,ERR,STUDIOF_PRD\POS750C1,Cegid.Framework.ServiceModel,ApplicationFlow,"Function 'LegacyDispatcherService.svc - Invoke' - Exception - Cegid.Framework.CbpException: Error when calling the method 'ExecuteSQL' of the adapter 'Cegid.Erp.Services.DBCommandCwasAdapter'. 	Exception code              : CBP50101 	Action / method             : CwasAdapter.CreateDelegate 	What to do                  : <Empty> 	RequestTobAsXml             : <?xml version=""1.0"" encoding=""utf-8""?><Document><Data formatVersion=""ForwardRead"" serializeVersion=""3.1""><Tob Name=""In""><Fields><Field Name=""SQL"" Type=""String"" Value=""/* StandardForm:TFTicketFO */  execute zpr_CreditoConsultaCupo &quot;24E7708A-4E03-438D-9DF1-14D2AAEFAB5A&quot;,&quot;1077175215&quot;,&quot;CC&quot;,&quot;750&quot; "" /><Field Name=""VERSIONDEMO"" Type=""String"" Value=""-"" /><Field Name=""TYPESERIALISATION"" Type=""Integer"" Value=""0"" /><Field Name=""EXTENDVALUE2"" Type=""String"" Value=""85e6b2220d2849930a1368d484a9f097a6cd14b1a97585b9dad1bfb849ce4ef22abdda5ce66d7e72d84d8e9618d79f00eac6af32e3ca390dd3cb08ad0819d5f3"" /><Field Name=""EXTENDVALUE"" Type=""Base64Binary"" Value=""5bJiTNunr015oXr6e433vad6DQMTlwM57UIVc137qz/j6h/0buOV9tLoX0CUn8Ib2BXU0a/PfjodFc2+QrWFPg=="" /><Field Name=""EXTENDPARAMETER"" Type=""String"" Value=""FOS5_SC_24.0"" /></Fields></Tob></Data></Document> 	TrackingId                  : 28049d0d-cb28-49f1-83c7-283df1cd4432 	Call stack                  : 	   at Cegid.Framework.Legacy.CwasAdapterModel.CwasAdapter.CwasAdapterMethodInfo.<>c__DisplayClass27_0.<CreateDelegate>b__0(ICwasAdapterContext cwasAdapterContext) 	   at Cegid.Framework.Legacy.CwasAdapterModel.CwasAdapter.SyncCwasAdapterMethodInfo.<>c__DisplayClass4_0.<CreateAction>b__0(ICwasAdapterContext`2 cwasAdapterContext) 	   at Cegid.Framework.Legacy.CwasAdapterModel.CwasAdapter.<>c__DisplayClass31_0.<CreateInvoker>b__0(ICwasAdapterContext`2 cwasAdapterContext) 	   at Cegid.Framework.Legacy.CwasAdapterModel.CwasAdapter.Invoke(ICwasAdapterContext`2 context) 	   at Cegid.Framework.Legacy.CwasAdapterModel.CwasAdapterService.Invoke(ICwasAdapterContext`2 context) 	   at Cegid.Framework.Legacy.Dispatch.LegacyDispatcher.<>c__DisplayClass5_1.<Invoke>b__2() 	   at Cegid.Framework.ExceptionHelper.TryHandle(Action action, Func`2 isHandled) 	   at Cegid.Framework.Diagnostics.ILogSourceExtensions.LogFlow[T](ILogSource logSource, Func`1 flowName, Func`1 flowInputs, Action`1 flow, Func`1 flowOutputs) 	   at Cegid.Framework.Legacy.Dispatch.LegacyDispatcher.Invoke(String action, String parameter, IDataTob request) 	   at Cegid.Erp.Services.LegacyHost.LegacyDispatcherServiceBase.Invoke(IHub hub, String action, String parameter, IDataTob request) 	   at SyncInvokeInvoke(Object , Object[] , Object[] ) 	   at System.ServiceModel.Dispatcher.SyncMethodInvoker.Invoke(Object instance, Object[] inputs, Object[]& outputs) 	   at Cegid.Framework.ServiceModel.Dispatcher.LogOperationInvoker`1.<>c__DisplayClass6_0.<Invoke>b__1(T functionalCategory) 	   at Cegid.Framework.Diagnostics.ILogSourceExtensions.LogFlow[T](ILogSource logSource, Func`1 flowName, Func`1 flowInputs, Action`1 flow, Func`1 flowOutputs) 	Inner exception             : 	   Cegid.Retail.Services.Resources.Tec006Exception: Non-authorized DLL statement (SqlStatement: ProcedureCallStatement zpr_CreditoConsultaCupo). 	   Exception code                                 : CBR_006_0071 	   Action / method                                :  	   What to do                                     : Check SQL statement 	   Call stack                                     : 	      at Cegid.Retail.Services.LegacySql.LegacySqlChecker.Visit(IProcedureCallStatement expression) 	      at Cegid.Erp.Data.Sql.Expressions.DefaultSqlRebuilder.VisitSqlExpression(ISqlExpression expression) 	      at Cegid.Erp.Data.Sql.Expressions.DefaultSqlRebuilder.Visit(ISimpleSqlStatement expression) 	      at Cegid.Erp.Services.DBCommandCwasAdapter.ExecuteSQL(ICwasAdapterContext`2 context)"
06/26/2025 00:51:41.934,ERR,STUDIOF_PRD\pos141c1,Cegid.Framework.CwasAdapters,CallingFlow,"Method 'Cegid.Cbp.DBCommandService.ExecuteSQL' - Exception - Cegid.Framework.CbpException: Error when calling the method 'ExecuteSQL' of the adapter 'Cegid.Erp.Services.DBCommandCwasAdapter'. 	Exception code              : CBP50101 	Action / method             : CwasAdapter.CreateDelegate 	What to do                  : <Empty> 	RequestTobAsXml             : <?xml version=""1.0"" encoding=""utf-8""?><Document><Data formatVersion=""ForwardRead"" serializeVersion=""3.1""><Tob Name=""In""><Fields><Field Name=""SQL"" Type=""String"" Value=""/* StandardForm:TFTicketFO */  execute zpr_CreditoConsultaCupo &quot;BCF6FBF8-F948-4B0F-A05D-758374252553&quot;,&quot;42014441&quot;,&quot;CC&quot;,&quot;141&quot; "" /><Field Name=""VERSIONDEMO"" Type=""String"" Value=""-"" /><Field Name=""TYPESERIALISATION"" Type=""Integer"" Value=""0"" /><Field Name=""EXTENDVALUE2"" Type=""String"" Value=""faa4a58c2fda3ecc457576929692c3372f7a69e46a6e59ac918b2a1da2f11910128bd77286dea17439ec8b41126c41578476f4131d4ee13faaba806ed4c36870"" /><Field Name=""EXTENDVALUE"" Type=""Base64Binary"" Value=""xXIdkrsPRDR/17PYMFQnM0FGQue23CoYVjgbRwRnPkuwWLMnccHJQS+iFfehJgjYRvdDRRKtQRDNiDtQn4i7PA=="" /><Field Name=""EXTENDPARAMETER"" Type=""String"" Value=""FOS5_SC_24.0"" /></Fields></Tob></Data></Document> 	Call stack                  : 	   at Cegid.Framework.Legacy.CwasAdapterModel.CwasAdapter.CwasAdapterMethodInfo.<>c__DisplayClass27_0.<CreateDelegate>b__0(ICwasAdapterContext cwasAdapterContext) 	   at Cegid.Framework.Legacy.CwasAdapterModel.CwasAdapter.SyncCwasAdapterMethodInfo.<>c__DisplayClass4_0.<CreateAction>b__0(ICwasAdapterContext`2 cwasAdapterContext) 	   at Cegid.Framework.Legacy.CwasAdapterModel.CwasAdapter.<>c__DisplayClass31_0.<CreateInvoker>b__0(ICwasAdapterContext`2 cwasAdapterContext) 	   at Cegid.Framework.Legacy.CwasAdapterModel.CwasAdapter.Invoke(ICwasAdapterContext`2 context) 	   at Cegid.Framework.Legacy.CwasAdapterModel.CwasAdapterService.Invoke(ICwasAdapterContext`2 context) 	   at Cegid.Framework.Legacy.Dispatch.LegacyDispatcher.<>c__DisplayClass5_1.<Invoke>b__2() 	   at Cegid.Framework.ExceptionHelper.TryHandle(Action action, Func`2 isHandled) 	   at Cegid.Framework.Diagnostics.ILogSourceExtensions.LogFlow[T](ILogSource logSource, Func`1 flowName, Func`1 flowInputs, Action`1 flow, Func`1 flowOutputs) 	Inner exception             : 	   Cegid.Retail.Services.Resources.Tec006Exception: Non-authorized DLL statement (SqlStatement: ProcedureCallStatement zpr_CreditoConsultaCupo). 	   Exception code                                 : CBR_006_0071 	   Action / method                                :  	   What to do                                     : Check SQL statement 	   Call stack                                     : 	      at Cegid.Retail.Services.LegacySql.LegacySqlChecker.Visit(IProcedureCallStatement expression) 	      at Cegid.Erp.Data.Sql.Expressions.DefaultSqlRebuilder.VisitSqlExpression(ISqlExpression expression) 	      at Cegid.Erp.Data.Sql.Expressions.DefaultSqlRebuilder.Visit(ISimpleSqlStatement expression) 	      at Cegid.Erp.Services.DBCommandCwasAdapter.ExecuteSQL(ICwasAdapterContext`2 context)"
06/26/2025 00:51:41.934,ERR,STUDIOF_PRD\pos141c1,Cegid.Framework.ServiceModel,ApplicationFlow,"Function 'LegacyDispatcherService.svc - Invoke' - Exception - Cegid.Framework.CbpException: Error when calling the method 'ExecuteSQL' of the adapter 'Cegid.Erp.Services.DBCommandCwasAdapter'. 	Exception code              : CBP50101 	Action / method             : CwasAdapter.CreateDelegate 	What to do                  : <Empty> 	RequestTobAsXml             : <?xml version=""1.0"" encoding=""utf-8""?><Document><Data formatVersion=""ForwardRead"" serializeVersion=""3.1""><Tob Name=""In""><Fields><Field Name=""SQL"" Type=""String"" Value=""/* StandardForm:TFTicketFO */  execute zpr_CreditoConsultaCupo &quot;BCF6FBF8-F948-4B0F-A05D-758374252553&quot;,&quot;42014441&quot;,&quot;CC&quot;,&quot;141&quot; "" /><Field Name=""VERSIONDEMO"" Type=""String"" Value=""-"" /><Field Name=""TYPESERIALISATION"" Type=""Integer"" Value=""0"" /><Field Name=""EXTENDVALUE2"" Type=""String"" Value=""faa4a58c2fda3ecc457576929692c3372f7a69e46a6e59ac918b2a1da2f11910128bd77286dea17439ec8b41126c41578476f4131d4ee13faaba806ed4c36870"" /><Field Name=""EXTENDVALUE"" Type=""Base64Binary"" Value=""xXIdkrsPRDR/17PYMFQnM0FGQue23CoYVjgbRwRnPkuwWLMnccHJQS+iFfehJgjYRvdDRRKtQRDNiDtQn4i7PA=="" /><Field Name=""EXTENDPARAMETER"" Type=""String"" Value=""FOS5_SC_24.0"" /></Fields></Tob></Data></Document> 	TrackingId                  : 9e391d82-8369-48c8-8772-9f30def5664e 	Call stack                  : 	   at Cegid.Framework.Legacy.CwasAdapterModel.CwasAdapter.CwasAdapterMethodInfo.<>c__DisplayClass27_0.<CreateDelegate>b__0(ICwasAdapterContext cwasAdapterContext) 	   at Cegid.Framework.Legacy.CwasAdapterModel.CwasAdapter.SyncCwasAdapterMethodInfo.<>c__DisplayClass4_0.<CreateAction>b__0(ICwasAdapterContext`2 cwasAdapterContext) 	   at Cegid.Framework.Legacy.CwasAdapterModel.CwasAdapter.<>c__DisplayClass31_0.<CreateInvoker>b__0(ICwasAdapterContext`2 cwasAdapterContext) 	   at Cegid.Framework.Legacy.CwasAdapterModel.CwasAdapter.Invoke(ICwasAdapterContext`2 context) 	   at Cegid.Framework.Legacy.CwasAdapterModel.CwasAdapterService.Invoke(ICwasAdapterContext`2 context) 	   at Cegid.Framework.Legacy.Dispatch.LegacyDispatcher.<>c__DisplayClass5_1.<Invoke>b__2() 	   at Cegid.Framework.ExceptionHelper.TryHandle(Action action, Func`2 isHandled) 	   at Cegid.Framework.Diagnostics.ILogSourceExtensions.LogFlow[T](ILogSource logSource, Func`1 flowName, Func`1 flowInputs, Action`1 flow, Func`1 flowOutputs) 	   at Cegid.Framework.Legacy.Dispatch.LegacyDispatcher.Invoke(String action, String parameter, IDataTob request) 	   at Cegid.Erp.Services.LegacyHost.LegacyDispatcherServiceBase.Invoke(IHub hub, String action, String parameter, IDataTob request) 	   at SyncInvokeInvoke(Object , Object[] , Object[] ) 	   at System.ServiceModel.Dispatcher.SyncMethodInvoker.Invoke(Object instance, Object[] inputs, Object[]& outputs) 	   at Cegid.Framework.ServiceModel.Dispatcher.LogOperationInvoker`1.<>c__DisplayClass6_0.<Invoke>b__1(T functionalCategory) 	   at Cegid.Framework.Diagnostics.ILogSourceExtensions.LogFlow[T](ILogSource logSource, Func`1 flowName, Func`1 flowInputs, Action`1 flow, Func`1 flowOutputs) 	Inner exception             : 	   Cegid.Retail.Services.Resources.Tec006Exception: Non-authorized DLL statement (SqlStatement: ProcedureCallStatement zpr_CreditoConsultaCupo). 	   Exception code                                 : CBR_006_0071 	   Action / method                                :  	   What to do                                     : Check SQL statement 	   Call stack                                     : 	      at Cegid.Retail.Services.LegacySql.LegacySqlChecker.Visit(IProcedureCallStatement expression) 	      at Cegid.Erp.Data.Sql.Expressions.DefaultSqlRebuilder.VisitSqlExpression(ISqlExpression expression) 	      at Cegid.Erp.Data.Sql.Expressions.DefaultSqlRebuilder.Visit(ISimpleSqlStatement expression) 	      at Cegid.Erp.Services.DBCommandCwasAdapter.ExecuteSQL(ICwasAdapterContext`2 context)"
06/26/2025 00:50:00.299,WRN,STUDIOF_PRD\POS616C1,Cegid.Framework.Data,Sql,La valeur du paramètre 'GJC_HEUREFERME' est trop grande et va être tronquée. Taille autorisée '8' taille du paramètre '11' valeur du paramètre '07:52 a. m.'
06/26/2025 00:50:33.276,WRN,STUDIOF_PRD\pos197c2,Cegid.Framework.Data,Sql,La valeur du paramètre 'GJC_HEUREFERME' est trop grande et va être tronquée. Taille autorisée '8' taille du paramètre '11' valeur du paramètre '07:52 a. m.'
06/26/2025 00:51:18.509,WRN,STUDIOF_PRD\POS264C1,Cegid.Framework.Data,Sql,La valeur du paramètre 'GJC_HEUREFERME' est trop grande et va être tronquée. Taille autorisée '8' taille du paramètre '11' valeur du paramètre '07:53 a. m.'
06/26/2025 00:51:37.903,WRN,STUDIOF_PRD\POS756C1,Cegid.Framework.Data,Sql,La valeur du paramètre 'GJC_HEUREFERME' est trop grande et va être tronquée. Taille autorisée '8' taille du paramètre '11' valeur du paramètre '07:53 a. m.'
06/26/2025 00:51:40.852,WRN,STUDIOF_PRD\pos554c2,Cegid.Framework.Data,Sql,La valeur du paramètre 'GJC_HEUREFERME' est trop grande et va être tronquée. Taille autorisée '8' taille du paramètre '11' valeur du paramètre '07:53 a. m.'
